;0
0;
1;-0,0023066971863989105
2;-0,0003511923692278205
3;0,010088027404093753
4;-0,0007826951200163834
5;-0,00012046902622057603
6;-0,00786178136455229
7;0,0026476518412585975
8;0,006451592013855597
9;0,004315771246102824
10;0,002147600068780669
11;0,0025604471551929587
12;-0,0011666447034482518
13;0,0032182261328847312
14;-0,014054591294918805
15;0,00959531203234632
16;-0,0017946166331975536
17;-0,0013047792713652155
18;0,008589494098609995
19;-0,0009184344972615331
20;0,006588724214163112
21;0,0015420709455439237
22;-0,0006427873579096997
23;-0,0012079833401703894
24;-0,009749927885548161
25;0,005437887998219665
26;0,0
27;0,0015689690215897512
28;0,007951910787606866
29;0,0002548311757259308
30;0,003730082317413299
31;0,0018468426849634985
32;-0,005361349332848856
33;-0,008903294354294681
34;-0,017725938674770216
35;0,011306188027129122
36;0,0009612867396528204
37;-0,010739180929706308
38;0,015070066867546436
39;0,004804790329873979
40;0,006505513996924116
41;-0,0012141152159179064
42;0,0017293421391170744
43;-0,013694437625555845
44;0,006161408341564247
45;-0,012979767316439047
46;-0,0032130147962474665
47;-0,003243466595241122
48;0,008975667411922747
49;-0,0004249583405584743
50;-0,001568596494518186
51;0,010639313268578126
52;0,003573895995995208
53;0,0
54;0,00034751022390395846
55;0,003298605011998588
56;0,0009208795376283511
57;-0,014287037429708917
58;0,005705094579265149
59;0,018875745489392165
60;0,0030965768889199313
61;-0,0019213292736500157
62;-9,680885744073472e-05
63;-0,0020674913842960428
64;0,004459150729938324
65;-0,012296166171457571
66;0,004857487759088902
67;-0,02000322215272308
68;0,004654810278535221
69;-0,023615193886306632
70;-0,016120772961745987
71;0,010201734652928925
72;-0,012720411586544295
73;0,007209668727643721
74;0,00434988994300101
75;-0,026945862470593614
76;0,023864091109794747
77;0,006140531049158308
78;0,013967054994798203
79;-0,030091371843620453
80;0,00037843212583485024
81;-0,000495431035125495
82;-0,018323392635474025
83;-0,014005396155727918
84;0,0032434724332828335
85;0,024269620884952617
86;-0,0002697571164798055
87;0,0010855024279734103
88;0,011644854192464795
89;-0,0010729284798328043
90;0,011469021350864046
91;-0,008539981844984107
92;-0,023752906038098095
93;0,021685034082517176
94;-0,004189778156130724
95;0,01115431996557325
96;0,0
97;0,010413772946765544
98;-0,011567770658224874
99;0,004242866025263865
100;-0,0170530376474818
101;-0,001273556664693238
102;0,013540209396441103
103;4,756969811127039e-05
104;0,00838438887540626
105;0,00020214271344355664
106;-0,005133585525123787
107;0,028789578897168232
108;0,006067959880852994
109;-0,006745919314823638
110;0,004598464335745744
111;-0,0052702949016412886
112;-0,000342675641092418
113;0,005396660077380033
114;0,0038995076893425552
115;-0,0030279965453488948
116;0,013202134631993177
117;-0,00026505736061067426
118;-0,004555727965035667
119;0,0021022314745667604
120;0,009514881019684316
121;-0,003221691633161984
122;0,008063602755944851
123;-0,0017137636003905794
124;-0,005171850033208772
125;0,004742949835549241
126;-0,008416675898817
127;-0,006594911245262035
128;0,0017598721329448038
129;-0,0007529241070709143
130;-0,02594934319537974
131;0,0037912089467763673
132;0,008764332750925656
133;-0,002444433216173363
134;-0,000976807501405077
135;0,013693453914878704
136;0,0037058028405670437
137;-0,006484397720917392
138;0,01192067096231093
139;-0,026778846694407915
140;0,0008018316649464065
141;-0,004967106519623009
142;0,011977221301780137
143;-0,029809710205359812
144;-0,0005761950274483659
145;-0,014390014979561175
146;-0,010038523501742003
147;0,0286777887396886
148;-0,007094414891784351
149;-0,013300535255893498
150;0,005216703870487721
151;-0,017614502402235385
152;0,004476211541509222
153;-0,016055125765564445
154;0,0
155;0,016749473800682077
156;-0,023520085858925
157;0,014826894647315632
158;0,028159596429260164
159;0,000476394654334106
160;0,007740155083124082
161;-0,005904755844505087
162;-0,0065617346307115035
163;0,015075935173540816
164;0,014931635942216703
165;-0,0017861831236897767
166;0,007481942590558766
167;-0,02559591366014849
168;0,0060319185397228825
169;0,0012235295644025396
170;-0,013841566425019707
171;-0,015134904614823051
172;0,006260189772571888
173;-0,0013617702363695643
174;0,004888239535361804
175;0,016532445635784168
176;0,008044566700138226
177;0,0
178;0,0008082535817800888
179;-0,014317517770510687
180;0,001434924405053477
181;-0,00687516494015524
182;0,0
183;-0,014543116598507804
184;0,0
185;-0,0248579500644866
186;0,0032180407641025214
187;-0,018522677387938526
188;0,013532064228746948
189;0,007916746302464807
190;-0,013688696209515521
191;0,010811990589615702
192;-0,025240865236445295
193;-0,0056278855222337484
194;-0,02952421210282545
195;-0,006063725114229976
196;0,0
197;-0,01114710160302055
198;0,02121554790308066
199;0,010012459744009897
200;-0,015999267724421628
201;0,017403533967513082
202;0,006133430118371871
203;-0,004775386083217739
204;0,01663316042666031
205;0,01215605676789849
206;-0,010510753302195471
207;-0,03251852327235014
208;-0,007652801618956766
209;0,007854780262272163
210;-0,004212583997434389
211;0,005871752402447336
212;0,007239641886834099
213;0,01351237574950093
214;-0,013512375749500944
215;0,0008448011885023065
216;0,0
217;-0,0009041122900750087
218;0,008306278167934724
219;-0,012950864808276388
220;0,007849753177005593
221;0,013718099386156906
222;0,006894099057548262
223;-0,0009198533229146739
224;-0,008982118109126446
225;-0,027463359417352638
226;0,0005334395330046612
227;-0,0034536110983757634
228;0,00522469192034451
229;-0,022259868931206288
230;-0,008445950634337552
231;-0,015584285733366992
232;0,03645711029237217
233;-0,009036274796426323
234;0,0051138531946558485
235;-0,021002300610510997
236;-0,008999023587571703
237;0,04153488464321648
238;-0,02458703780979666
239;0,023662312624081427
240;0,0
241;0,015205246313276712
242;0,0022938675027973495
243;-0,008797024932317828
244;-0,011526662274177438
245;-0,007981927890091816
246;0,0056711500330565885
247;0,03526701602098519
248;-0,00193592515470274
249;0,001300770414770671
250;0,0007957046968555229
251;0,0015603698470965863
252;-0,005113083073129692
253;-0,008124955084060885
254;0,004464030042589757
255;-0,020584528579550378
256;-0,00338951529818191
257;0,004589248501480273
258;0,022437717468858472
259;0,0006226490621523779
260;0,01797652812220311
261;-0,001554796066316531
262;-0,008849199061636077
263;0,002895639335615528
264;0,006421692497021097
265;0,006473722306730581
266;-0,0010521758462081335
267;-0,003896234627106107
268;-0,003853735865410594
269;0,01699546798774104
270;0,003230333917995802
271;-0,004543867404925721
272;0,007622791932013194
273;-0,01827980728708181
274;0,003662758328388545
275;-0,006748148337391352
276;0,010960544704932866
277;-0,00038480450268530846
278;0,003997586857981225
279;0,010528903189758522
280;0,001249596500864262
281;0,0008976220632291142
282;-0,009316870386124766
283;-0,016183741174614172
284;0,0026139487641874135
285;-0,01329849074009022
286;0,0
287;0,00682294917124679
288;0,003955065868303628
289;0,005320725327224883
290;0,0015150218716958306
291;-0,01055985118212607
292;-0,005804628141956321
293;-0,0003266965562571208
294;0,019308465022889004
295;-0,031376342715508834
296;0,0007934059569021865
297;-0,0024409981975666356
298;-0,017038716841375152
299;0,0032743286236224397
300;0,014934163997003336
301;8,087729815420748e-05
302;-0,006794391462156974
303;-0,009759295531074037
304;0,0037453786172857214
305;-0,01871700335441807
306;5,3112184326833306e-05
307;-0,0028188402163855826
308;0,00582645241851596
309;-0,029805055998773238
310;-0,003724340931871223
311;0,0012664265797244986
312;0,003828599052312572
313;-0,01837133386864391
314;0,0010933205547930325
315;0,0
316;-0,008420817806985111
317;0,016936204750574474
318;-0,02303954768548839
319;0,006965377549496208
320;-0,011151875786283015
321;-0,009068905128390176
322;-0,010961099588093584
323;0,024754644770638757
324;0,011941012227420401
325;0,0002856009539446599
326;-0,000539536963435066
327;0,013401856087015563
328;0,004055976394899683
329;-0,02339606385062188
330;0,004158871468629178
331;-0,018771642597075023
332;0,023087465493061024
333;0,016534493021531392
334;-0,013230899535757073
335;-0,005594054996497974
336;-0,008998478623086437
337;0,028306084947019642
338;0,0033487854081860544
339;-0,018096499728183422
340;0,023611866579681028
341;0,006918740411200743
342;-0,012123883045659341
343;-0,002919914166580861
344;0,005506536428728829
345;0,004067728957353383
346;-0,015212960266741826
347;-0,009358530403292879
348;0,0061781302511489085
349;0,002491910420998307
350;0,011268952522584542
351;-0,019820581334461455
352;0,0036795597683445406
353;0,00795094213969009
354;0,014731091918020444
355;-0,013818629727739336
356;0,0
357;-0,004100911461557449
358;-0,002037171231376325
359;-0,03037883751111392
360;0,004420895088807897
361;0,020302677366833565
362;-0,03473446318202578
363;0,006130568141386031
364;0,013711930251064272
365;0,0021193649840399688
366;-0,04828298274935443
367;0,017363264468486114
368;-0,04827982547511587
369;0,04243709922495687
370;0,039459132751226464
371;-0,03898681119919732
372;-0,015756115391864084
373;-0,001979706554947396
374;0,019465761499284553
375;0,0031624300256987603
376;-0,09200241094593624
377;0,052785325126328934
378;-0,004545794382203166
379;-0,04113353732724876
380;-0,01359852173202372
381;-0,03927930133460617
382;-0,059107757716857307
383;-0,011397429009414909
384;-0,07922404205270062
385;-0,011828962673529704
386;0,10957195934756697
387;-0,005336383931182947
388;-0,09469514468085727
389;0,04162885961144602
390;-0,006232200692903124
391;0,04658283957083308
392;-0,03128395497871866
393;-0,06295312513837946
394;0,012554946645469935
395;-0,035120816358308195
396;-0,03227974691248589
397;0,10245732795933024
398;-0,011140925668240704
399;0,02547665096269594
400;0,015248574046331105
401;-0,002532235662293958
402;0,04001446582463477
403;-0,05411527943060211
404;-0,05157119317616989
405;0,028446197857694408
406;-0,012733930580210799
407;-0,022287189928305133
408;-0,05328883804405206
409;0,06692260057882526
410;-0,04259348957168463
411;-0,026149375154377364
412;0,00979029616894602
413;-0,06310552285574468
414;-0,06948182746939643
415;0,061327967739999954
416;0,06271427030041585
417;0,00652939366290944
418;0,03471842675826701
419;0,0
420;0,009596916564055789
421;-0,0935365594547721
422;0,03916369377303816
423;0,025508056258861354
424;-0,029746476327324762
425;0,03584904791939185
426;0,03766887840835376
427;-0,02338891182677227
428;0,011823999134564792
429;-0,028938804097131003
430;0,007003884173428124
431;-0,012766861045400991
432;0,05008483224165873
433;-0,009639159140260648
434;-0,021389875118303318
435;0,002932619575660306
436;-0,018471576788863877
437;-0,009764948269330855
438;0,0057644371228817255
439;0,0
440;0,005341923728714281
441;-0,003880111857935365
442;0,024113982759526236
443;0,014059064607297868
444;0,0
445;0,031118829354946687
446;-0,004679314710008824
447;0,007786737515850298
448;-0,030469134088503158
449;0,003391364089026249
450;-0,02153320834173741
451;-0,022822626270919497
452;0,0017565516413395224
453;-0,03403248389945547
454;0,0013283049463657997
455;0,0075331257258363935
456;0,0
457;-0,05426198398389679
458;0,042572033307926416
459;-0,015278458063301996
460;0,005363235610298394
461;0,0055378560725867065
462;0,010866312308227391
463;0,03300683394003662
464;-0,03368105107531431
465;-0,02305280959037413
466;-0,0005329070203387711
467;0,015709929754246527
468;-0,0075176623248196855
469;0,016233193995534287
470;0,026540681179420624
471;0,0014840467724950225
472;-0,05036862018765584
473;0,007923456469345735
474;0,001737640721712224
475;-0,010048037945583399
476;0,0
477;-0,046629445682995825
478;-0,0009508174576453469
479;-0,012096921708828458
480;-0,011478573277091092
481;-0,03531535633340695
482;0,03932005326596915
483;-0,010715038409216296
484;-0,015905667628585068
485;-0,023846498003071
486;-0,04774186266842116
487;-0,006427392130160411
488;0,023475389702164888
489;-0,043463291150760704
490;0,0012152893664452722
491;-0,01007428128983503
492;0,061718709550781174
493;0,0024428171152732076
494;0,03992106756975614
495;0,007709238136172175
496;-0,00352215612656422
497;0,03163428515860073
498;0,020643416236416384
499;-0,013064130708958283
500;-0,019967428385974675
501;0,06836637953493023
502;-0,020626375806741395
503;0,00958032018841365
504;0,023052625827370773
505;-0,02052473796615029
506;-0,035439357636644506
507;0,01304421169852987
508;0,01642101598945511
509;0,028322241179759542
510;0,00968472814649412
511;-0,008367252239400408
512;-0,024143677727077005
513;0,011714574664767993
514;0,037347060925207336
515;0,0
516;0,0025301857501251568
517;-0,02026853996927886
518;0,012470933254115892
519;0,015419320727716443
520;0,004957068194306566
521;-0,04373225481475218
522;0,021029381710385583
523;-0,007711285650649296
524;0,00987344865514458
525;0,016657836507364097
526;-0,010117621434815706
527;-0,002744254847469633
528;0,021379805556003294
529;-0,0009504996564328968
530;0,0053818552713010654
531;0,0333072766091565
532;-0,003798926735055886
533;0,01725457296237231
534;-0,013290323268540793
535;0,023783939541346093
536;-0,021747200481074702
537;-0,0009793188465282718
538;-0,02726320607983457
539;0,010298404457450127
540;-0,011475674233448351
541;0,029936576373611083
542;-0,0017383272431764048
543;-0,005144634884210452
544;-0,01689960969556584
545;-0,0014983132699999018
546;0,0
547;0,025962188826917313
548;-0,01915340326737425
549;0,015301233587101505
550;0,013483448796435801
551;0,02548996497720596
552;0,0019813421329166413
553;-0,013834486568385958
554;0,011418207308851205
555;-0,0025178627415764552
556;-0,001011052485248075
557;0,003497083130518968
558;-0,003486435147513123
559;0,006093307742659376
560;0,0013960131292622697
561;-0,024055536315656614
562;-0,012801900619248449
563;-0,0013825797185576352
564;0,008375844448658284
565;0,0031093741076927695
566;-0,031078360927762203
567;0,002304071170416657
568;0,006503218839248371
569;0,021217576096281384
570;-0,0014789363055836941
571;0,009024344474136607
572;-0,008567380664245961
573;0,004352434081724914
574;-0,0295776472524855
575;0,0
576;0,002562475638153287
577;-0,01987985121431268
578;-0,0016698951392400763
579;0,003540951584310035
580;-0,0040299519295311295
581;0,024627967878931317
582;0,005301940041504133
583;0,029199472375008
584;0,008604637219621987
585;-0,0003827507063823333
586;0,011366702521417232
587;0,003620701753126186
588;-0,00053440915006703
589;0,02302262940740808
590;0,0030375109647431194
591;0,0029774065555280248
592;-0,002609849580059383
593;-0,004573436047540637
594;0,011825409224369018
595;0,0007395288626654475
596;0,015225583178395025
597;0,0030075510152131053
598;-0,0029177911228645812
599;-0,005640579011475083
600;0,013349737000829563
601;-0,0033505518116208367
602;-0,01274093529858868
603;0,011459208667389599
604;0,006856467654583368
605;-0,008567996009098858
606;-0,024559914167756866
607;0,010094530726770492
608;0,006837444128079486
609;0,010889254881918217
610;0,018451470119857618
611;-0,0005458887887182097
612;0,002366611446575528
613;0,0001167247049162505
614;0,0027779144666822218
615;-0,0019903788774991863
616;-0,008099343637508777
617;-0,022382007003104543
618;-0,0033019063615583625
619;0,008498592185028414
620;0,013032209953942669
621;0,0
622;0,008806055564248823
623;0,007752278036300137
624;0,01036827402233454
625;-0,0013513062285225982
626;0,006319121248784945
627;0,0031303992794079125
628;0,015207303563779619
629;-0,003073696100106479
630;0,0026431981196059977
631;-0,003413100605362237
632;0,006553348797967811
633;-0,010119521956322259
634;-0,009556580675496985
635;-0,0061093376220662104
636;0,017652876598941023
637;-0,002232070205616143
638;-0,003333824374182154
639;-0,026097229359217995
640;-0,004515690913838788
641;0,014755842222140905
642;0,013622016982208792
643;0,002717405841071351
644;0,007432667150166834
645;0,00562480132669331
646;0,00437682290005114
647;-0,0027915044786162592
648;0,017393670575083283
649;0,004148814767678174
650;-0,008131019415374443
651;0,009361384989114529
652;-0,006258671758938771
653;-0,00889320279002224
654;0,010587365660837816
655;-0,012253261464892761
656;-0,01178649129621555
657;-0,0033233850224763683
658;-0,019734358686821434
659;0,02227014275721744
660;-0,028465985208026727
661;0,006435591961670014
662;0,0024230363003456684
663;0,0010421099365118228
664;0,019052882642820033
665;0,0025000832337363182
666;0,02199517078210792
667;-6,40412792005996e-05
668;0,00501935784042459
669;-0,010312341187162764
670;0,005722896135947424
671;0,014363914689886566
672;0,0009190763029704436
673;-0,0004684431557834475
674;-0,013516784012421476
675;-0,0032200843821982767
676;0,013523927236078707
677;-0,0005334804298521139
678;0,004494024564986252
679;0,0
680;-0,017383686624440835
681;0,0037858050263810984
682;0,01200292025538591
683;0,0003336203701670016
684;-0,008428631026908542
685;0,0054943698671588515
686;-0,0024714505864806445
687;-0,01030443840928602
688;0,0036656362889903138
689;0,005822697613629019
690;0,0036762749892007445
691;0,006935340247747815
692;-0,005562470463760016
693;0,0011275941495411885
694;-0,011880825020866261
695;0,00581293852157132
696;0,01044890671699057
697;0,0035572398592781294
698;0,002296068657847357
699;0,005242394308515762
700;0,0
701;0,001153371966066168
702;-0,001401964754604196
703;0,00019532810744783544
704;-0,010100374956649935
705;0,0
706;0,015907242650225476
707;0,003119632404468819
708;0,0005453761911345774
709;0,0039932825584234055
710;0,0028775488113092444
711;0,0017452315988401989
712;-0,009425437682848987
713;0,008291383667578442
714;0,0024235673156261114
715;-0,010882186102969552
716;0,0
717;0,01242219397685807
718;-0,010654437906525255
719;-0,019126605455027455
720;-0,022389806068551035
721;0,004596658844151183
722;-0,004221188929990253
723;0,004868323105307144
724;-0,011888152547708633
725;-0,009877767489622453
726;0,014165354795150988
727;0,01288951533068827
728;-0,005489425763279087
729;-0,031635815571409806
730;0,0028929715381732983
731;-0,008902848815299853
732;0,012955814287673312
733;-0,0022350557547347752
734;0,009633914071687014
735;-0,0027484023651562135
736;0,0
737;0,01784066707597497
738;0,004228991255194203
739;0,006563166615592701
740;0,002184195243594415
741;-0,0010373491700085928
742;-0,012185638976018596
743;0,00967350622884524
744;-0,0020831642635576906
745;0,00140434827355034
746;0,010107283593191702
747;0,0023276435966405676
748;0,00042912700135530314
749;0,003729217083266287
750;0,0139102995934497
751;-0,0001668708642952992
752;0,0017025313902912158
753;0,004514324876007007
754;0,004033370016998894
755;-0,00021736956824699424
756;0,00045207564343076404
757;0,007749057161496351
758;0,005804795137565081
759;-0,0003258949274998341
760;-0,005099485194476214
761;0,0050823298874814495
762;0,0071453906182156945
763;-0,005508385371629812
764;-0,0017056294177613758
765;0,0007374631602661291
766;0,005667141985337086
767;4,2616844740564804e-05
768;-0,0032782716003415245
769;0,00738652065793466
770;0,0
771;0,007896758064435913
772;0,0016828787923777017
773;-0,00589405093486044
774;0,0033686695230149477
775;0,006661622998832402
776;0,001765063092874738
777;0,0006851089340489951
778;0,01108838371569334
779;0,000842167888871758
780;-0,016257950246036473
781;0,004511128525653854
782;0,008026025643238168
783;-0,0010194314445029012
784;0,0022612356970690673
785;0,007098279974131413
786;-0,00430572057317188
787;-0,023659566893072765
788;0,006441937673680552
789;0,01286014370883258
790;-0,016787736487182545
791;0,013035199954753045
792;-0,024127171031983346
793;-0,006582626889526156
794;-0,03291419799872393
795;-0,015426628935558498
796;0,04303472538226554
797;-0,00340312655689989
798;0,01364598869249329
799;-0,012219411759088954
800;-0,018979079305601415
801;0,0011088524514465206
802;-0,014297726886780986
803;-0,005143469084670231
804;-0,03975572015145415
805;0,014912654559367987
806;-0,012992122932899614
807;0,0003538702264447118
808;-0,0056770056947721146
809;0,0323472129280415
810;-0,012451870600623242
811;0,0
812;-0,017314285467303576
813;0,02551438718007349
814;0,004043236276677301
815;-0,03501748652291547
816;-0,013624433691096281
817;0,010916239754216572
818;-0,0059593412390872465
819;0,0290798216120606
820;0,004370106659325958
821;-0,0018063207783149315
822;0,02322247259286971
823;-0,0005560937250901566
824;0,0012821376691954428
825;0,0013162904007037828
826;-0,003864245341811379
827;-0,01620132244496867
828;-0,0029899215361501785
829;-0,016946192862424502
830;0,002864505367270332
831;-0,0020452376350393953
832;-0,031508270947024665
833;-0,010164425453543183
834;-0,0032457464551476313
835;-0,004673293219507561
836;0,0
837;0,005344685605450304
838;0,030850061581731633
839;0,009359329717715649
840;0,0071874436590176494
841;0,0007325973685221687
842;0,015261853940210991
843;-0,00015521499590610117
844;0,0011954464955711874
845;-0,029242932098749713
846;0,005964074173225686
847;0,011351892195398526
848;-0,012902685652813713
849;0,022263615685037746
850;0,008186429368369252
851;0,011137930955885434
852;-0,0010498688628368148
853;-0,006946067738954189
854;-0,0041673144027251485
855;6,354595509431585e-05
856;0,021783519629687675
857;-0,004807872789303521
858;0,006032851860419904
859;-0,0012605080983352098
860;-0,003719759034421319
861;0,005468065530920585
862;-0,005985299233984592
863;-0,02858332684063827
864;-0,005393279772831977
865;-0,004031704230371289
866;0,0001204467649919063
867;0,012118458371228052
868;0,001481685001488934
869;-0,01708040915809832
870;-0,0036696947092675234
871;-0,0040485317447247786
872;-0,014618777443950457
873;0,0032839816909079997
874;-0,007714480246337092
875;0,016450714533391333
876;-0,014828685114819894
877;0,0003908018636654939
878;0,02907765834807642
879;0,009039911542174104
880;0,013132362555402658
881;0,0
882;-0,011537451266510625
883;0,006418032629720949
884;0,0048205989722323915
885;0,004851549676828218
886;0,011069148848932673
887;-0,0007133303913713077
888;0,00353490976547272
889;-0,0003644881870614647
890;0,0008265748720807875
891;0,015095291707627323
892;-0,0025673730087764227
893;-0,00483717291908741
894;-0,008366175280827977
895;0,02097283822184383
896;-0,005683544849854091
897;0,004838733205657932
898;-0,0025911383655897063
899;-0,0030884609816881144
900;0,004406680092947396
901;-0,008067420805565715
902;0,020646748273304517
903;-0,0006722052030153325
904;-0,001647951434844234
905;0,006103642814175685
906;0,00014589331791565788
907;0,003811420876341655
908;0,00709582298146908
909;-0,003648102825229549
910;0,0020255326074200258
911;0,0072176178463409565
912;-0,01600469794135919
913;0,010469066254142375
914;0,001780838651814381
915;0,002377981529747693
916;0,0021446371204069184
917;1,6868668978158766e-05
918;-0,002694155990308462
919;0,0011241511941456764
920;-0,0004393673181400836
921;0,0009460898477315376
922;0,007729385187609348
923;0,0036712940509606175
924;0,01909922381617784
925;0,003915146955609237
926;-0,0021232297388884083
927;-0,0080849146610354
928;0,004366585752434095
929;-0,0042512141320765855
930;-0,011878701482340309
931;-0,0012182098829831606
932;-0,0163381284080449
933;0,00021214036983506886
934;0,015232247088402266
935;0,0025454756463701403
936;-0,001576596630330781
937;-0,014387043583311629
938;0,014812719350008895
939;0,0
940;-0,007496632323667193
941;-0,0013797979607531208
942;-0,006088748748767805
943;0,02138670815746615
944;0,012737031643018829
945;0,0025999098954114317
946;-0,0012991100065108331
947;0,0005149435923619067
948;0,003694901900663627
949;0,0038354074189605823
950;0,005983684061949668
951;4,8370323203855544e-05
952;0,0009105377233105524
953;-0,005135628732467859
954;0,006166033821100105
955;0,0008364230536136011
956;0,0025451741767312723
957;0,006011978070857421
958;0,0033738653176371234
959;-0,0016457244701686808
960;0,0
961;0,0006124941030118858
962;0,0007710498980996865
963;0,0010086210147884852
964;-0,0015093383226483204
965;-0,0001908154184647296
966;0,01125130963440283
967;-0,001313890050426815
968;0,0049945917332972515
969;-0,0021251493053446057
970;-0,0018465049346529077
971;-0,0013772751808198854
972;0,0037182215832849935
973;0,008959492528235356
974;-0,001704472901770376
975;0,007357425505636377
976;0,0
977;0,0013754416330838501
978;-0,010167184992425787
979;-0,0012957717508255116
980;0,0024106642558033367
981;0,005819322689537693
982;0,000263359696644669
983;0,004212061981042009
984;0,0022417647678586914
985;-0,01801374858601659
986;0,007633326949972496
987;0,01655581418074286
988;-0,0027262788652279426
989;0,0023514734345755294
990;0,0028800961095791244
991;0,006220741603444067
992;0,004176097943201374
993;-0,0027896973241534964
994;0,0007492195980016669
995;0,005492239439842426
996;0,0023821433260880175
997;-0,003240202358999328
998;0,0062379862455999606
999;0,0030708906172792973
1000;0,0019229055205082848
1001;0,0
1002;-0,020742153105926635
1003;-0,006130778227341465
1004;-0,0009948345951537798
1005;0,010495225773550236
1006;0,005545705724534893
1007;-0,015864850224639092
1008;0,0016139090306173224
1009;0,01707241180952882
1010;-0,007405430280443107
1011;-0,008376200503835498
1012;0,008883205891223349
1013;-0,0013551112091289457
1014;-0,019058829983677757
1015;0,007055530751890258
1016;-0,006067685794074695
1017;-0,011263529286306983
1018;-0,01968748964337206
1019;0,013301442067892928
1020;0,0043009808125094445
1021;0,014882450988371786
1022;-0,003556896676727053
1023;0,002909727249843295
1024;0,009297397442382284
1025;0,003156139934757779
1026;-0,0027515366122545675
1027;0,0070352392937787864
1028;0,006662410865996059
1029;-0,0018311366072702206
1030;0,004950654146415294
1031;0,0003451794967636779
1032;-0,00018007878495468458
1033;0,002181271173726725
1034;-0,0015211407740053193
1035;-0,004012508764839378
1036;-0,0027972257111361096
1037;-0,00780715094764831
1038;0,00019021749525698333
1039;8,368423660124305e-05
1040;0,0039177029836831535
1041;-0,01107896825226009
1042;0,0057148251616446506
1043;0,013424442423331911
1044;0,005262893837745057
1045;0,0
1046;-0,0015939358990673606
1047;0,008939515038808828
1048;0,00623036533863236
1049;0,003549158040161472
1050;0,0022980161282694822
1051;-0,0017542383289275007
1052;-0,003385044294317407
1053;-0,006878877987061037
1054;-0,009111238759396649
1055;0,0038126611430211355
1056;0,004541232446118757
1057;0,008034192047299452
1058;-0,011173631758988237
1059;0,004883442825391279
1060;-0,008100043542688503
1061;-0,006223682001732072
1062;-0,0003686358634158104
1063;0,008765217224823568
1064;0,0021756308222586783
1065;-0,007718007432380335
1066;-0,011997246485370225
1067;-0,0008277486091439203
1068;0,00317815760069947
1069;0,003945344779678825
1070;0,004072589461352033
1071;0,0
1072;0,010537032813141153
1073;-0,02304829914304651
1074;-0,0012255043417858898
1075;-0,009781563581920035
1076;-0,010818523892467404
1077;-0,0009567852747120464
1078;-0,004195755814094214
1079;0,007350455121099006
1080;-0,01407846751476718
1081;0,0006685517452423052
1082;0,012532882723673302
1083;-0,017585608026490646
1084;0,001752821147853282
1085;0,0030404018474758767
1086;0,005380700548932206
1087;0,013334152526697675
1088;-0,006489456149024326
1089;-0,0028319814775847074
1090;-0,011802922351120303
1091;0,009150400901989089
1092;0,012861239773101529
1093;0,00824864128276027
1094;0,010068386646291337
1095;0,01430684739491854
1096;0,0
1097;-0,0013370433916550409
1098;0,0010010833453429403
1099;0,010399582665769434
1100;-0,0069855160925432255
1101;-0,018256123199656974
1102;-0,004443388381926191
1103;0,00310106049315579
1104;-0,006738800871784166
1105;0,005539040679880189
1106;-0,008163061525228133
1107;0,01617711948389583
1108;-0,0006710473490973826
1109;0,013455200670761065
1110;0,0009074613278100096
1111;-0,005659020861895793
1112;-0,004113335911232914
1113;-0,020517780024378287
1114;-0,003239229716375921
1115;-0,006471416171186788
1116;-0,004140792666031388
1117;-0,025888993656482444
1118;0,005003212008481522
1119;-0,04900163740665529
1120;-0,0005751318168909164
1121;-0,06895833042745467
1122;0,04631738118329726
1123;-0,04515678075483553
1124;0,04525059058532176
1125;0,005247837853274869
1126;0,021550785789564535
1127;-0,009786291472722999
1128;0,0009385580416122172
1129;-0,045610232050384815
1130;-0,015122760800306435
1131;0,00025808174214938097
1132;0,03371022159734199
1133;0,013034651096542811
1134;-0,015687972317898854
1135;0,015008393630514818
1136;0,027895846702781002
1137;0,0023359385944344575
1138;0,004909932925226356
1139;-0,011942485261153978
1140;-0,025606955849665675
1141;0,0
1142;-0,007464093032212224
1143;0,028243820652058067
1144;-0,01066891504794603
1145;-0,027068525002559386
1146;0,00694153445616869
1147;0,009078747147885844
1148;0,013381298441278125
1149;0,01704951674698318
1150;0,005690455416002148
1151;-0,009850912270881551
1152;-0,0016623864054958564
1153;-0,029831031890565053
1154;-0,03240250026243683
1155;0,006063593439679295
1156;0,023068110546269296
1157;0,010631619216616886
1158;-0,020908242602619344
1159;0,008081516300173678
1160;-0,02529129228036273
1161;-0,02886354629481778
1162;0,022239331806361014
1163;0,017707849893700365
1164;0,01813821922314528
1165;-0,00819680252892006
1166;0,033555597853170506
1167;0,0005438352229682857
1168;0,009747079611157516
1169;-0,002978130791599371
1170;0,017231013084970263
1171;-0,01955996128718929
1172;0,020213033197288798
1173;-0,012729818838075795
1174;0,004543831804408512
1175;0,018634079544892792
1176;0,01279085339877292
1177;-0,020248432646129442
1178;0,010481470272433699
1179;0,033716617775602885
1180;0,0003891535181890043
1181;-0,02504868216973945
1182;-0,02834004470968389
1183;0,01597636762997209
1184;0,01860760756451947
1185;-0,006299784593889073
1186;0,006275996498243774
1187;0,011667272007859919
1188;-0,03738529279356369
1189;0,008579154122938346
1190;0,019309181734972806
1191;-0,009603991709008441
1192;0,004805575097530124
1193;-0,016755779391136084
1194;-0,016942648369624176
1195;-0,0003947725585652186
1196;-0,018824534649997567
1197;-0,004149488108607474
1198;-0,022342971201496673
1199;0,0
1200;-0,0026891236049403243
1201;0,0288210760216857
1202;0,0022112969383296607
1203;0,04240342063777991
1204;-0,001910465594686547
1205;-0,0002410742279219324
1206;0,01023452180275579
1207;0,001105126228035855
1208;0,00201628975861266
1209;-0,02136847142775983
1210;0,016742439809384415
1211;-0,015026409891996106
1212;-0,008723960779886826
1213;-0,011413223108981121
1214;0,003237808535543156
1215;0,0032109610779535356
1216;-0,011802150179861203
1217;0,029397292377713515
1218;0,00193961501917998
1219;0,00823155361398492
1220;0,008994515513423385
1221;0,0
1222;7,902764391107808e-05
1223;-0,012556475533817963
1224;0,010650168721478698
1225;-0,004292584240589513
1226;0,0
1227;0,015347466752879504
1228;0,00018791399857992464
1229;0,0029393851586132893
1230;-0,0025401851188711095
1231;0,002259128343552906
1232;0,008846519498231472
1233;0,0003095304447903228
1234;0,0023338676271165535
1235;-0,004960177933283264
1236;0,0
1237;0,0035465972840967364
1238;0,01104669323633066
1239;0,004926531580627023
1240;0,0006692320811931821
1241;0,00047123563413351943
1242;-0,001026362395993147
1243;0,008634127936281153
1244;-0,005762963674862105
1245;-0,0015940734220098644
1246;-0,0025253499086551
1247;-0,00045706973394398057
1248;0,008860289331437619
1249;0,0010944925478258915
1250;0,0144997372641607
1251;-0,00042391317108323237
1252;0,0020212685879011623
1253;0,0021579461175579256
1254;0,0014730323066491182
1255;-0,006910169670604592
1256;0,0067770197880235375
1257;-0,0009399505552771627
1258;-0,005397732995705936
1259;0,01096532252888617
1260;0,002346218995056878
1261;0,0
1262;0,000719678085287958
1263;-0,00334575126341362
1264;0,004262957005584894
1265;0,0016708196763969795
1266;0,0013536603940939738
1267;0,0033433616567107582
1268;-0,004740955243070676
1269;0,006139220748028996
1270;-0,003251063467334742
1271;-0,0038698351494367675
1272;-0,01549685701154145
1273;0,006876907208801028
1274;0,00977002776120633
1275;0,0036247016059477617
1276;0,00016046915379674782
1277;0,01796914314001119
1278;-0,0011970340792054287
1279;0,005949504120039123
1280;0,0011187237741202927
1281;0,003966002810361202
1282;-0,0030050426304927035
1283;-0,0018729464492867856
1284;-0,007225464961042071
1285;0,0030968876681286826
1286;0,013790282585130287
1287;-0,0028207566873393645
1288;-0,004953772647860423
1289;-0,0016092170290043855
1290;0,0036916552995440582
1291;0,007476577793073292
1292;-0,003996587747434638
1293;-0,01025489547530353
1294;-0,0006292366423330919
1295;0,0
1296;-0,011423434105777059
1297;-0,01722903544536177
1298;0,0074139870052884055
1299;0,013692631581238174
1300;-0,012553512960530443
1301;-0,0005036808959588716
1302;0,015367918875513488
1303;-0,004063523272098461
1304;-0,005952096817443118
1305;0,0011685932847406632
1306;-0,008443048985726152
1307;0,0036729981305998567
1308;0,013552363677729872
1309;0,006657923951737078
1310;0,0024114104160489723
1311;-0,0038910971640511403
1312;0,0056424983763752054
1313;-0,002499885566521046
1314;-0,007688270722404974
1315;-0,016279016486759133
1316;0,00035053383740709244
1317;-0,004287863738619395
1318;-0,006724816572818403
1319;0,0025142221555989205
1320;-0,00339310934903185
1321;-0,011175044036911441
1322;-0,0057624522046803815
1323;-0,004413555099659481
1324;-0,01516574932256603
1325;-0,00741519043358835
1326;0,015908669197356163
1327;0,0004862076658294832
1328;0,0016922853300106668
1329;0,0013790283825421373
1330;-0,002167899276191806
1331;0,0
1332;0,011017981539835837
1333;-0,014438555426152216
1334;-0,0022792684195200048
1335;-0,024943535065707286
1336;0,0001017122873233083
1337;0,005710556615777151
1338;0,022787772335250183
1339;-0,00010645902098176338
1340;0,00808138759045486
1341;-0,012700439066485178
1342;0,011583390373813106
1343;-0,0070479932229503646
1344;0,010756614732241909
1345;0,010284752736562524
1346;0,0014436567200249713
1347;0,009767870585814924
1348;-0,0016877516747354983
1349;-0,022513258771434952
1350;0,007148981972021054
1351;-0,016083465459972662
1352;0,004761353258577372
1353;0,00894479235230087
1354;-0,002112076068222122
1355;0,024614798034165282
1356;0,0024563100993451855
1357;0,006212764505379634
1358;0,0
1359;-0,00469799521801216
1360;-0,009477490437645376
1361;-0,0016401076395319903
1362;-0,008159128832764184
1363;-1,490912885989825e-05
1364;-0,0049996180683616704
1365;0,01636274497101934
1366;-0,002316985120192678
1367;0,007382334405661178
1368;0,006658286214577447
1369;0,002713429495304103
1370;-0,01011263852275059
1371;-0,008948968382666001
1372;-0,009082079512297794
1373;-0,00031387788913235705
1374;0,016405659452859416
1375;0,018900849989626385
1376;-0,00048353283011341573
1377;-0,004326098578733877
1378;-0,0030350799857287686
1379;-0,0074011154803105845
1380;0,01886129520593171
1381;0,002326567712056992
1382;0,005093766155781033
1383;0,0006206372788455045
1384;0,000413544294347905
1385;0,0021860889478816747
1386;-0,0012526781188120387
1387;-0,0001282033021227822
1388;0,0011390090430037803
1389;0,007075434332495446
1390;0,0018703665370596102
1391;-2,115439535528785e-05
1392;-0,0035036944682847937
1393;0,0002264156293058998
1394;-0,00810497516365437
1395;0,006433953540105122
1396;-0,0004961794286575074
1397;-0,0008014952215227831
1398;0,0008440345349446528
1399;-0,007836422697165871
1400;0,005060487054237251
1401;0,0
1402;-0,0011666288598383128
1403;-0,0010753569832413765
1404;0,020236623645940314
1405;0,004041761017721236
1406;-0,00616674434215865
1407;0,0031369560945167384
1408;0,0020835300712209424
1409;0,01617821963021452
1410;0,003951115279070497
1411;-0,003129529435335874
1412;-0,0012805984266831857
1413;0,00118478151903211
1414;-0,0005408532605288135
1415;-7,533188836628922e-05
1416;-0,002235143403731278
1417;-0,010557355654258943
1418;-0,005753239448359475
1419;0,009602673364694815
1420;-0,004487821869708478
1421;0,002648034931983999
1422;0,0008718999666616194
1423;0,003617864023352092
1424;0,007148798295437697
1425;-0,00032166114302795205
1426;-0,003462690436391353
1427;-0,009940165231843174
1428;-0,006207310017350925
1429;0,0001954351929163438
1430;-0,002970544885050311
1431;0,008045443436660634
1432;0,010217529003082159
1433;0,004108612934416874
1434;-0,0024466730272574805
1435;-0,01671012717006166
1436;0,00043948225512983235
1437;-0,014549262064668257
1438;-0,003090162849686388
1439;0,0029910856826463454
1440;-0,0007292268041415646
1441;0,0
1442;0,0
1443;0,00015580184869156202
1444;0,010867260747050345
1445;-0,009423707658092246
1446;0,0021614299275310735
1447;0,007822505758014995
1448;-0,023990494932418175
1449;-0,01227991939441856
1450;0,0016972760624259981
1451;0,0001304404541177171
1452;-0,00399338355969097
1453;-0,01394884192572606
1454;-0,001594790689528524
1455;0,0048282386725694085
1456;0,01966736976809187
1457;0,0006631347776075759
1458;0,002317514819985913
1459;0,0
1460;0,012942205804867957
1461;-0,002031654720931559
1462;-0,005240224023848537
1463;0,007825250780979355
1464;0,004260626145993355
1465;0,00016242192307947768
1466;-0,004756453525113865
1467;-0,0017113382080492271
1468;0,0015836215685260085
1469;0,0033011980873050694
1470;0,002916658435379544
1471;0,0003384309527405416
1472;0,00652758967448202
1473;0,0004481290686690232
1474;-0,00634146925043068
1475;-0,0041439789908631845
1476;0,011800667190939215
1477;0,011421148426265303
1478;-0,007618159372240999
1479;0,005473186088517688
1480;-0,009423002107227981
1481;-0,0024432858581227004
1482;0,0
1483;-0,004798901880980162
1484;-0,0012191986513380225
1485;-0,0111115011894783
1486;0,016800106652478265
1487;0,0
1488;0,025086044824864026
1489;-0,0020877620279685176
1490;0,004853316610966446
1491;-0,003128033257148679
1492;-0,003247645915194656
1493;0,0026523487451191913
1494;0,007568716794297316
1495;-4,755160198840902e-05
1496;-0,0009311082559243282
1497;0,001128093030996665
1498;0,0001969459797129973
1499;0,005627103422306787
1500;0,0033974659565910057
1501;0,0
1502;0,00441827922681335
1503;0,001506341983383369
1504;6,689791044299383e-06
1505;0,0054306987208722545
1506;-0,0018513960681661246
1507;0,005093062252180289
1508;-0,003907241332048655
1509;-0,0025666081881304615
1510;0,010002474404177631
1511;-0,011605777551404992
1512;0,01036258025857612
1513;0,0005490489353745546
1514;-0,001807043989846203
1515;0,005641968905585326
1516;-0,0006062723007243433
1517;0,0015939722256221329
1518;0,000592152029303837
1519;0,0006904011504762424
1520;-0,0010456502891147328
1521;0,0
1522;0,007309758416980312
1523;-0,01248171740825915
1524;-0,0063230670101523416
1525;0,00873425874497273
1526;-0,018479275284333255
1527;0,0060908995959643225
1528;0,012645666418416045
1529;-0,0008644953634581831
1530;0,0023212270716333073
1531;0,004600126400740833
1532;0,009520494489536513
1533;0,0010839757653689358
1534;0,001814811952149328
1535;0,004471100410919991
1536;0,0032438723173948535
1537;-0,0024061516417888235
1538;0,0013131640123256268
1539;0,0055873772173025285
1540;-0,0016197549581095975
1541;-0,005525585891369138
1542;-0,0024254633815200036
1543;0,006675166801552446
1544;-0,008316980404400766
1545;0,00714866598212655
1546;-0,003345582130917859
1547;0,007754912943538612
1548;-0,000588494941215648
1549;0,004048485114815581
1550;0,0
1551;-0,0044836823364220995
1552;0,005158962029794233
1553;-0,010602095506201462
1554;0,0040402538202902035
1555;-0,004304176550396904
1556;0,006283011989032715
1557;0,003538040782594966
1558;0,012115446292433605
1559;0,003545946942665359
1560;-0,002840786017135281
1561;-0,023234130479996954
1562;0,014205865503323178
1563;-0,014431354089724242
1564;-0,006723540175262234
1565;0,008808979549016325
1566;0,004650798215427389
1567;0,010365294248898439
1568;6,333984678094674e-06
1569;0,0040266177447456745
1570;-0,0018437840671979098
1571;0,0071603183893662135
1572;0,0024818418469955725
1573;-0,009351475418805077
1574;0,009363994353694133
1575;0,0104795153331448
1576;0,0019059883489792062
1577;0,0052166631841069
1578;0,004130550730288085
1579;-0,003693980932139126
1580;0,00431240067515143
1581;4,284660609634315e-05
1582;0,010091099634557102
1583;0,005101065117816183
1584;-0,005022296573084914
1585;0,010247411805593496
1586;-0,0007079094171616472
1587;0,001720907648621843
1588;-0,00830803904001975
1589;-0,002928135769918223
1590;-0,0005514967822677049
1591;0,0
1592;0,0063209120130071905
1593;-0,007072892060328735
1594;0,003663595567895728
1595;-0,014410550273650714
1596;0,005918407082218199
1597;-0,005526024209600663
1598;-0,01387556672524714
1599;0,00845443320669695
1600;0,012749947667659597
1601;-0,00034690629921981507
1602;-0,01020523152075696
1603;-0,008404786017584211
1604;0,014676090161454946
1605;-0,005902398007852176
1606;0,007538839723718172
1607;0,007760951788880602
1608;-0,013948298829170962
1609;-0,02532835452574456
1610;0,0026661484311964016
1611;-0,012219313502973374
1612;0,009452416382998888
1613;0,009544802023650156
1614;0,006180727659270396
1615;-0,00429883748729547
1616;0,0053892420362545825
1617;-0,0005450536517269326
1618;0,0008236595098241727
1619;0,0
1620;0,010150057885384197
1621;0,005237838002118209
1622;0,0072036706293219874
1623;0,00018154641283901302
1624;0,013463198150456835
1625;0,0030817767542262128
1626;0,0013739002782673193
1627;-0,0037156612435484218
1628;0,002770192140202006
1629;0,005020364936359822
1630;0,0016087728890168559
1631;0,002030925063851086
1632;-0,001853645244921124
1633;-0,0038184593198933806
1634;0,0025531752308375314
1635;0,0008279370058089733
1636;-0,003742993668069835
1637;0,0003737441794290525
1638;-0,00013643009906418412
1639;0,012462579504871753
1640;0,0016390855232919159
1641;-0,001480913754279429
1642;-0,005739461373172054
1643;-0,00381314875241731
1644;0,0038779527938558253
1645;-0,0035763855287662917
1646;-0,0011535425383448848
1647;0,0027721724913956085
1648;-0,005190051744275638
1649;-0,014384523926260438
1650;-0,0033100734140073594
1651;-0,005917840093265895
1652;0,003813963470091846
1653;-0,005796413965205477
1654;0,008582495040714577
1655;0,003939218335413213
1656;-0,004047856913079035
1657;-0,016001509567328324
1658;0,0027438892221566106
1659;0,0019614259312179068
1660;-0,0031793224259261555
1661;0,0
1662;0,004155545375136951
1663;0,008084226423429193
1664;0,001209131507343265
1665;5,4376557675273835e-05
1666;0,009943332056093749
1667;0,0073189229171092005
1668;0,0030476259239930587
1669;-0,0033861650418574234
1670;0,0027110335432424617
1671;0,0056770168919803715
1672;0,00420884948659013
1673;0,012104115967809937
1674;-0,0018446229845168335
1675;-0,00724309379693379
1676;-0,004730718868817136
1677;-0,0026005674711671984
1678;-0,0027432108029442847
1679;0,0034793515156158698
1680;-0,004082095793020239
1681;-0,0060475090187600816
1682;0,007966753720975774
1683;-0,0006668889877037677
1684;-0,009019995744482426
1685;0,007028487065576219
1686;-0,008542744623655642
1687;-0,012408723348868085
1688;0,0005736974959952306
1689;0,021595603003649867
1690;0,006266658904207739
1691;0,004066403911189516
1692;-0,007088815554411441
1693;0,013732816122981576
1694;0,006721323017650933
1695;0,0065274195501484516
1696;9,171261857431335e-05
1697;0,005721110785884598
1698;-0,004735730991225781
1699;0,0032528719960210105
1700;0,00438517263831988
1701;0,001328835930998072
1702;0,005568680457237637
1703;-0,004887910480131458
1704;-0,003846759576849974
1705;0,002899228335302809
1706;0,0035641773126337483
1707;-0,0028094838497391963
1708;0,004256457610153671
1709;-0,01327045548901987
1710;0,01333823103901602
1711;0,0007226535247450411
1712;-0,0023731640314203425
1713;0,008062719573425563
1714;0,00482559954733418
1715;0,004213113677386858
1716;-0,0037050389068854113
1717;-0,002045036193531233
1718;-0,003642235986195912
1719;0,008095716274424049
1720;0,004949171494279674
1721;-0,0012641245404365169
1722;0,00014978239973848013
1723;0,002482009484745951
1724;0,0
1725;-0,0007860417117517002
1726;-0,002722704643955981
1727;-0,0031979560353163
1728;-0,0013043625524062031
1729;-0,004348999542987455
1730;0,011175230224585924
1731;0,0018154350128978636
1732;-0,0031847248870443094
1733;-0,011381383944921048
1734;-0,003777704817573199
1735;-0,00010138503227667498
1736;0,0063001000102775595
1737;-0,003105784071481868
1738;0,016510892525584176
1739;-0,0005800704533898699
1740;0,004807171488047869
1741;0,005304004689709988
1742;0,002911528259119612
1743;0,0
1744;0,0047342647208743665
1745;-0,0003366436658622563
1746;-0,0001792275298283738
1747;0,0039518351004493735
1748;0,0
1749;-0,00890141028044984
1750;-0,0003330285152322327
1751;-0,002514940611652187
1752;0,006063353410313031
1753;-0,00021222353203285233
1754;0,000348240572457387
1755;0,0023040357971461523
1756;-0,012655942268644282
1757;0,01075984662417709
1758;0,005152889148329633
1759;-0,001348033780458889
1760;-0,0039027458285236156
1761;0,0
1762;0,0027698592046981876
1763;0,0005747344722354488
1764;-0,008929311341099137
1765;-0,02109646461003822
1766;-0,004888232923261316
1767;0,006121908511444599
1768;-0,010261676387288874
1769;0,011204049508506286
1770;-0,006486303697573044
1771;-0,02309663228816655
1772;0,007612079911712782
1773;-0,0020303185904787225
1774;0,012363032529603139
1775;0,013214212922079903
1776;0,0015680346623456046
1777;0,011001356953851574
1778;-0,00026930401563143885
1779;0,005793241362750424
1780;0,0047976627138052634
1781;0,0
1782;0,0011578007430249318
1783;-0,006545856467982497
1784;0,006013325902815458
1785;-0,0019205507490625245
1786;0,006167463480648212
1787;-0,0013485959587527492
1788;2,1678571816661324e-05
1789;0,004935878866371388
1790;0,002778871606797594
1791;-0,007405881878043587
1792;0,015152293854515365
1793;-5,3365779740162576e-05
1794;0,001716949158601179
1795;0,0005379393856073099
1796;-0,0004633562520154853
1797;-0,0050950761792528144
1798;0,00030515307410829926
1799;-0,01177009932020802
1800;-0,002825787581649674
1801;0,009567743988496134
1802;0,00719365860408948
1803;-0,006150535593061312
1804;0,006022339367196353
1805;-0,002936985363948364
1806;-0,004876538949937361
1807;0,004394241920648026
1808;-0,007024971200665742
1809;-0,0019018808412744233
1810;0,004629512997768188
1811;0,007892887011329989
1812;0,0070146594306005365
1813;0,002849261279041829
1814;-0,0011270826423899496
1815;-0,012616514258563742
1816;-0,010808351829803234
1817;0,00374358024432315
1818;0,01085898956046606
1819;-0,021105915074922734
1820;-0,009532051442590618
1821;0,008183683881893849
1822;0,006734582113406398
1823;0,010433825888179194
1824;0,0013629682617378818
1825;0,0
1826;0,003767994738389568
1827;0,0040837708429826225
1828;-0,00221574869477238
1829;0,001715503883693198
1830;-0,008129365642879085
1831;0,0032307955332088844
1832;0,004749512631766084
1833;0,0029875523247041838
1834;-0,00014332617611718807
1835;-0,0013493343030381874
1836;0,0018694572336087256
1837;-0,009028997640356608
1838;0,005600759982857978
1839;-0,0013745926338061829
1840;0,0015183361955399689
1841;0,009626232902744135
1842;0,0004217073940358064
1843;-0,004712130811625354
1844;-0,009405875621160416
1845;0,0037399575698852106
1846;0,0038374297012765974
1847;-0,0065196044560605956
1848;0,00808330156592446
1849;0,002359464872078838
1850;0,00423937234257786
1851;0,0
1852;0,0059699477493898685
1853;-0,00111469021325644
1854;0,005352758739255506
1855;0,0018420236241803512
1856;0,000727548660923367
1857;-0,0003792986138724881
1858;0,0018898689985705139
1859;0,006504104782935938
1860;0,004617093474191693
1861;0,0009382907902712104
1862;-0,00024602389631178353
1863;-0,0035432986633579717
1864;-0,007114123963848034
1865;0,0031296339563013217
1866;0,0008363578653421081
1867;0,0021702325923408
1868;0,00768924811236175
1869;0,0012766632824317233
1870;0,001728556015696327
1871;-0,0001324678767336581
1872;-0,006456103946242596
1873;0,004885532455618504
1874;-0,001179549508052484
1875;0,0019090501895577705
1876;-0,0003723359533374368
1877;0,006655590151633005
1878;0,0006585713293444536
1879;0,005464577266607205
1880;0,0
1881;-0,003931280911030786
1882;-0,0070737299445003425
1883;0,004633518936331134
1884;-0,004139677938001678
1885;0,0014698966344172243
1886;0,004831845777309738
1887;-0,0019339917631568573
1888;0,004192326961482922
1889;-0,011904630539099268
1890;0,010212621215764002
1891;-0,002322963707646372
1892;0,005003598871257555
1893;0,0017529106323480887
1894;0,0004880515519555957
1895;-0,004860938593827177
1896;0,0002880788446230361
1897;-0,004538026355257783
1898;6,0913396397368385e-05
1899;-0,020201982180386897
1900;-0,0028632061512498972
1901;0,007163332167737625
1902;-0,009732663890958775
1903;1,5623169160183835e-05
1904;-0,0055720924051179815
1905;0,01146541212583467
1906;0,0027555846424938877
1907;-0,0016379596859128
1908;0,006684782151863076
1909;0,004336355753249845
1910;-6,137730678305776e-05
1911;0,008495518142763088
1912;0,004988197546781009
1913;0,002474731046194184
1914;0,00294555464699719
1915;-0,001994589647823374
1916;0,004776344146317369
1917;0,001050541125247729
1918;4,9998250071612606e-05
1919;-0,0016913280954213741
1920;0,003314911875534921
1921;0,0
1922;-0,0005442312867592464
1923;-0,0007794154778782813
1924;-0,001535626069269506
1925;0,005023279382596158
1926;-0,0030778848267845093
1927;-0,006566472549267278
1928;0,0036394434933185002
1929;0,0008815118498071218
1930;-0,005980449610726171
1931;-0,0007103865355538411
1932;0,007456519556098104
1933;0,0012948221428846019
1934;0,004879237575787914
1935;-0,00047740293713845845
1936;-0,0080456099735067
1937;-0,005793240342941876
1938;0,0078019621743095095
1939;-0,016300883863057503
1940;0,00853926846933231
1941;-0,002550087857627876
1942;-0,0027898116618691174
1943;-0,01333710386960968
1944;5,138310472075119e-06
1945;0,011103645698160249
1946;-0,0015663462589335857
1947;-0,01524163333900896
1948;0,017310927441677434
1949;-0,02087782075594148
1950;-0,011517102846274005
1951;-0,016605025431830202
1952;0,0015776404760320126
1953;-0,008133321486981497
1954;0,0001449567145683124
1955;0,012801813443832692
1956;0,009101116168173851
1957;0,019385360865204253
1958;-0,007326077968841473
1959;0,012228325652846546
1960;0,007028685012031181
1961;-0,001502721736806668
1962;0,011868342458139376
1963;-0,001386316024766647
1964;0,006210809640156638
1965;0,011663102277224974
1966;-0,00011893375899205164
1967;-0,002833812080753587
1968;0,0056843254698454955
1969;0,0037683963328125326
1970;0,0003494842681511987
1971;0,0031153438558825866
1972;0,0006964300884238955
1973;-0,0007013362458967195
1974;0,0005297259772977395
1975;0,00024024613086403535
1976;0,0007350887583099522
1977;0,005120799244120769
1978;-0,0015022487778296994
1979;0,001965149713115464
1980;0,0052232126037382535
1981;0,002859972285084541
1982;-0,001150748113177924
1983;0,0028020289550014527
1984;0,0
1985;-0,0025456552865591015
1986;-0,006852732470835006
1987;0,006364114596567206
1988;0,0037576597991097705
1989;-0,0011624963624507377
1990;0,0016637374265151782
1991;-0,007282994123169773
1992;-0,00023785657360814608
1993;-0,016486095225712944
1994;0,0045254627925939775
1995;-0,016346465435817352
1996;-0,006362810672940926
1997;-0,008525252460965011
1998;0,020148061015694455
1999;0,023731391638557114
2000;0,004559675654011466
2001;0,0038031565245638006
2002;0,0017448949438961451
2003;-0,00013928747275794275
2004;0,0
2005;0,0033040443422532773
2006;0,0008613800797716425
2007;-0,004900607277808058
2008;-0,01036428918775506
2009;0,0
2010;-0,0003400451807075162
2011;-0,018447215507429587
2012;-0,008933269124887845
2013;0,011562716479232132
2014;0,01773023227055391
2015;-0,008439402894368318
2016;-0,008126593003387722
2017;-0,002581895102717448
2018;-0,0058300241971988576
2019;-0,009290915347145516
2020;0,013334893478396
2021;0,0
2022;0,0015487500528907781
2023;0,004720491566868883
2024;0,015154358001382194
2025;-0,00550673692932809
2026;0,002565158589374469
2027;-0,01347826914874784
2028;-0,013587495823831957
2029;0,00948953412967013
2030;-0,013077094111243876
2031;0,012879177186226798
2032;0,014336212205417897
2033;-0,004164697065034053
2034;0,010238806024834353
2035;-0,003424003889146327
2036;-0,00425624879230165
2037;0,010618932294575799
2038;-2,900568511630124e-05
2039;0,009598318580950463
2040;0,004066454532854633
2041;0,0
2042;0,0015962531949234387
2043;-0,00031428422028125343
2044;-0,001062630993007247
2045;0,006107796303298104
2046;-0,0003033204129457377
2047;0,0027549400403308333
2048;-0,0007660770140154061
2049;-0,001477063185743682
2050;-0,00296068767526803
2051;0,006106288914289237
2052;-0,00454893723637251
2053;-0,0043981612914209805
2054;0,0011953606197183842
2055;-0,014275342485307393
2056;0,003936699946892563
2057;-0,01710687053188645
2058;-0,0019194991693251124
2059;0,012522721054237218
2060;-0,00609321316658598
2061;0,013442889619502027
2062;-0,0033257399856237396
2063;0,012085115625505266
2064;-0,004884498475311038
2065;0,008972345217324727
2066;-0,0017471731581735757
2067;-0,006158382825834895
2068;-0,01466595021813647
2069;-0,002380259551864185
2070;0,002365703758294171
2071;0,0121623968046154
2072;-0,008834638950921472
2073;-0,003973277701576431
2074;0,003523442754392329
2075;0,0
2076;0,006586997425284128
2077;-0,0020640140117176337
2078;0,0026790260911049436
2079;0,004447561655731752
2080;0,005189316335635196
2081;-0,004591746276668459
2082;0,0016283576529126241
2083;0,005135086608693579
2084;-0,0007787977466591179
2085;-0,011375675981876396
2086;0,009192762234207431
2087;-0,0014817676241149391
2088;0,005074620009561437
2089;0,0023549546644853884
2090;0,0022502621405813723
2091;-0,004149903864416299
2092;0,002765362774477354
2093;-0,0037473898615125326
2094;-0,010180511364075624
2095;0,010863762718014008
2096;0,002936456294242169
2097;-0,011907989281938557
2098;-0,00446565288921807
2099;0,0037666635227395196
2100;0,01336810183819619
2101;-0,005102547415113407
2102;-0,0029540151581351707
2103;-0,0003049361563555961
2104;0,010721548914049037
2105;0,0007681740692506561
2106;0,003043326204180875
2107;-0,0006436412462661924
2108;-0,0009309586724919671
2109;0,002335159764998983
2110;-0,0022363806280129898
2111;0,0
2112;-0,010335154142642595
2113;0,009120904921787637
2114;-0,0012675915340863882
2115;-0,006338445791358441
2116;0,0020573017741854285
2117;-0,0010091607056388198
2118;0,0021166434256780875
2119;-0,008660571815416115
2120;-0,001437210626817113
2121;-0,006495537098383694
2122;0,0004183265556517879
2123;0,011970467999834084
2124;0,0017370426241117387
2125;-0,007018875011890289
2126;-0,004633205529385608
2127;0,005673679086406269
2128;0,001977730925124627
2129;0,009853976761801558
2130;-0,005317615213403526
2131;0,006076317350836994
2132;0,0006357354142135757
2133;-0,007380525755900911
2134;-0,002977994976722945
2135;-0,00039012322679491675
2136;-0,02108692194926015
2137;0,002654858078183291
2138;0,006912186109313318
2139;-0,0003081219031646385
2140;0,0
2141;-0,0038692233125439636
2142;0,006062523086486958
2143;-0,01679294892719651
2144;0,0022596453237141356
2145;0,012262958517226932
2146;0,011005278427365045
2147;0,004443342901147857
2148;-0,0007352331138653618
2149;0,007982668716293924
2150;0,0011056405254354067
2151;0,0007708723459965329
2152;-0,004270764044629494
2153;-0,002390537261033748
2154;-0,0056922099476966175
2155;-0,010761020194054139
2156;-0,005791750069227781
2157;0,01231002184803006
2158;0,007292110507604485
2159;2,8454898986964683e-05
2160;-0,002274201152523918
2161;-0,0027606707871855756
2162;-0,00225225320432502
2163;0,0031098289855839203
2164;-0,007783182188635467
2165;-0,002879027637921453
2166;0,012726901022967103
2167;-0,009603129968501637
2168;0,0009496130321388531
2169;-0,001275950900305485
2170;0,0039042620368306804
2171;0,005197938255237148
2172;-0,002628973548012266
2173;-0,0082892253214385
2174;-0,02132589920510587
2175;-0,03236925954849968
2176;-0,0402114162811756
2177;-0,01361426253218886
2178;0,038291286558614
2179;0,02400724232625184
2180;0,000608570807887431
2181;-0,008427108353350126
2182;-0,0300226098516122
2183;0,018127666183109615
2184;0,001164105680449443
2185;-0,015448291002620419
2186;0,0
2187;0,024773604592646017
2188;-0,013995038527950136
2189;0,0052640755505400285
2190;0,0044770015545705895
2191;-0,004098031324803634
2192;0,012749719911298718
2193;0,008667694070501723
2194;-0,002564290542541979
2195;-0,01629627045108819
2196;0,00455542189051565
2197;-0,012394939887069493
2198;-0,0020507542933684945
2199;-0,0033686417802160917
2200;-0,00046588915786858695
2201;-0,02600123923939529
2202;0,0012321224333906237
2203;0,018895865203796398
2204;0,001971981855787723
2205;0,01421377260428928
2206;0,018124561438544923
2207;-0,00359468696646854
2208;0,008003564071616849
2209;0,008779731449656634
2210;0,0007248679667592819
2211;0,0012746911096436508
2212;-0,00684881380942293
2213;-0,00472745525794583
2214;0,014743553692310356
2215;0,004560061340766879
2216;0,00027048493195005823
2217;-0,0014220938665690213
2218;-0,005842410271440132
2219;0,016490813232663316
2220;0,010970005786788946
2221;-0,0019149470559137484
2222;-0,002557366872257423
2223;0,01177038977262058
2224;-0,0004497865982006129
2225;-0,004821575414258128
2226;0,011803904793109323
2227;0,002724357616923586
2228;-0,0035516762958985523
2229;-0,001132729332202236
2230;-0,0003476910728431842
2231;-0,009871351502606852
2232;0,0015095068126030056
2233;-0,003233321394967414
2234;-0,014089149017324396
2235;-0,011270674060276152
2236;0,014793350640956328
2237;-0,0013402769799722193
2238;0,01603316380542843
2239;-0,0011236981412047731
2240;0,0038029879831690382
2241;-0,0012357033585728208
2242;0,0012213434858008502
2243;-0,00012924813505752467
2244;0,0
2245;0,0005934462650656421
2246;-0,004651706497517027
2247;0,010623952433730842
2248;-0,011056653069340215
2249;-0,014477878923262813
2250;0,0203179415517183
2251;-0,007014104884478266
2252;-0,006511062305276753
2253;-0,007769041389937937
2254;0,002248863711052729
2255;-0,019613874846502764
2256;0,004744314616645313
2257;0,010562534400149612
2258;0,014410619402612932
2259;-0,01515475083488926
2260;-0,01795751217964754
2261;0,007748318994364429
2262;0,00877812203932951
2263;0,012341563236114893
2264;-0,001599891742574954
2265;0,0
2266;-0,0021809411946235105
2267;0,010573612487139963
2268;-0,007243399159519185
2269;-0,009456404312783972
2270;0,0
2271;-0,015422087447211375
2272;0,002010240491123956
2273;-0,013202187278752919
2274;-0,023985794022258523
2275;-0,010897570278899054
2276;0,0008529006939786754
2277;0,007772509257391239
2278;-0,02528236287170431
2279;0,016558094217956527
2280;-0,02183576711197509
2281;0,0
2282;0,0005316801750062664
2283;-0,011762765749513873
2284;0,005181970226003676
2285;0,02008070885412079
2286;-0,015761508958281073
2287;0,014045211853838186
2288;-0,010922893803811026
2289;0,005513332522616619
2290;0,024458648291019413
2291;-0,0004433423964646878
2292;-0,0189209815953702
2293;0,004979620098044139
2294;0,001525609102635925
2295;-0,01865420973979322
2296;-0,014255000337827674
2297;-0,0006638511706025009
2298;-0,00018898131031094855
2299;-0,012377431213466798
2300;0,019329975470501772
2301;0,0
2302;0,016381776635361386
2303;0,01634611531802933
2304;-0,004676637085284247
2305;-2,607147233575974e-05
2306;0,014350746375528583
2307;-0,012532587736590248
2308;0,004429944898265448
2309;0,011284417050872818
2310;-0,0018719154129472615
2311;-0,008154095918303473
2312;0,023588387634097943
2313;0,004085962101079654
2314;0,0034925974922729325
2315;0,0033004569962263434
2316;0,0008846130395075827
2317;-0,011303756111464681
2318;0,005039672807617217
2319;0,00015582470255186083
2320;0,0162625475679903
2321;-0,0012618048449994732
2322;-0,0018386503245784805
2323;0,005584768976783901
2324;0,00657358536675143
2325;0,004395912383556867
2326;0,0009850824218144217
2327;-0,0008777491176506626
2328;-0,006406466530530142
2329;-0,00037813217888834326
2330;0,0
2331;0,0005450541383505678
2332;0,008778031272149312
2333;0,004340908403282531
2334;-0,002041861276038347
2335;0,006310940191309253
2336;-0,0032134091933979764
2337;-0,01019637661751755
2338;0,01045286194723677
2339;-0,012048133236940891
2340;0,002782731266950438
2341;-0,0027435530304558238
2342;0,009615763308903494
2343;0,009990093075086406
2344;0,00017286084744860797
2345;-0,0009847461231804666
2346;0,006519674261282988
2347;0,00307975662601835
2348;0,0007613247417596009
2349;-0,005207599968700849
2350;4,781188891334172e-05
2351;-0,0018136709785938731
2352;0,0018710422279640288
2353;0,0016480173786207935
2354;-0,009273710899120031
2355;-0,005075944645770556
2356;0,007779663181895582
2357;-0,008714589025124732
2358;-0,0059545830446672615
2359;-0,00023892241230235656
2360;0,0031696056255198523
2361;0,0007531895502368042
2362;0,012406388310731433
2363;-0,009607555492817648
2364;-0,00016955023208444766
2365;-0,008514374961630291
2366;0,009749011760057352
2367;-0,009455886999175739
2368;0,00020513622093808805
2369;-0,0037136112860127355
2370;0,006001445062372705
2371;-0,002087622332874619
2372;0,013588628383570183
2373;0,0069505391897537305
2374;-0,00021049408780701167
2375;0,004277713748401147
2376;0,0
2377;-0,0010009486014519232
2378;0,0011295693348150856
2379;0,0028207287425610055
2380;-0,002916001771314822
2381;0,004885314358638568
2382;0,0012886294463136218
2383;0,003303991188786806
2384;-0,0017191710652795132
2385;-0,009217574255820173
2386;-0,008148294359401813
2387;-0,00180050982836035
2388;-0,0018423761246134855
2389;0,0031280978105988734
2390;-0,0032632746994190635
2391;0,005791368633679743
2392;0,0027084373542945453
2393;-0,0016529523329488472
2394;0,013275511311332405
2395;-0,03658077723471934
2396;-0,01826224926163297
2397;0,0176141579169895
2398;0,01688921675245215
2399;0,013473821400287618
2400;0,0019467806929598444
2401;0,0
2402;-0,006871075583428663
2403;0,005338719739026071
2404;-0,0008719206389974177
2405;0,015138185866623861
2406;0,003402814586803249
2407;0,006984851096364438
2408;0,00013474052016275426
2409;0,005245391042533612
2410;-0,0009293745423876834
2411;0,0023795068786033225
2412;-0,0014362676143070065
2413;0,0042612128673701335
2414;-0,0036190247858399653
2415;0,004543577237250907
2416;-0,0030159962634030003
2417;0,00032275466775932843
2418;-0,0011993285198676762
2419;0,0016049295062452703
2420;0,0016299621902952422
2421;-0,0012705897060663312
2422;-0,006381913907791874
2423;0,0031290382452996857
2424;0,00021256735230357668
2425;0,00856664360432463
2426;-0,0009074743505047164
2427;0,0003896732066463202
2428;-0,0028687970506289257
2429;0,004723392742399634
2430;-0,0007963678724891165
2431;0,0027890832400516256
2432;-0,0054941419708265955
2433;0,0018668145969237696
2434;0,0021971793405895896
2435;-0,0014413542987100584
2436;-0,0005633790063612297
2437;0,0019498626169790064
2438;-0,005254072980571481
2439;-0,0013661738453380294
2440;-0,0015800957333464785
2441;0,005214500184160159
2442;-0,0019556990050680497
2443;-0,0023786147623904054
2444;-4,145736456113779e-05
2445;0,004192300041961849
2446;0,0
2447;0,0029772423433708003
2448;-0,00014636466783063686
2449;-0,0022255507805430696
2450;-0,024827747563078314
2451;0,014570396678017971
2452;-0,014941739368126835
2453;-0,000587849405212359
2454;0,010058521089340135
2455;-0,0037793821611113664
2456;-1,869910337847447e-05
2457;0,0002991437033863788
2458;0,010857950722306076
2459;0,006478837490987623
2460;-0,005753297289882613
2461;-0,008624922689932854
2462;0,006423572318235906
2463;0,0052824909853757054
2464;-0,009365019283515956
2465;0,007936329103087052
2466;-0,0032659915807079186
2467;-0,004967899838307758
2468;0,0042874907334568115
2469;0,0004814257702057039
2470;-0,0032587738683275704
2471;0,0045953664043352545
2472;-0,01252460917831065
2473;0,0011459550215575632
2474;-0,003104131264702985
2475;0,00020161621250175643
2476;-0,003042627268630379
2477;0,006141459963406811
2478;0,002189599580657028
2479;-0,0013766939590792353
2480;-8,406304733510687e-05
2481;0,0047385172845472385
2482;-0,003804880140132455
2483;-0,0017419369788728072
2484;-0,002991246171217767
2485;-0,0031130804936909326
2486;-0,0001222792860412358
2487;-0,0068100511662960534
2488;-0,00654687039773644
2489;-0,004433198871881832
2490;-0,001667529568162566
2491;0,021980157782961814
2492;0,0037648601743320194
2493;0,011016142751234132
2494;0,0019488592414451842
2495;-0,001398914799700448
2496;-0,0001155094545772426
2497;0,0074529817276226176
2498;-0,00158353887400465
2499;0,004665388864814815
2500;-0,002389553027376295
2501;0,007433688411606853
2502;0,0021630866034014736
2503;0,000807684847182356
2504;0,0
2505;0,0039066882037051285
2506;-0,005268331826910543
2507;0,0013344289127455414
2508;-0,002656997068934635
2509;-0,003521731974758958
2510;0,0003969856521291979
2511;0,0058044223683808216
2512;0,0034050755798857375
2513;0,013077306345682039
2514;0,0021570846729904334
2515;0,005921379481215525
2516;-0,0011380520171109239
2517;0,006518478790004478
2518;-0,008150321360078533
2519;0,0038757077378476596
2520;-0,0017521740727583343
2521;0,0019731900398514256
2522;0,003630921049278551
2523;-0,0024603512457385653
2524;-0,0018647241237848297
2525;0,0012508980027710417
2526;0,0
2527;0,0022459178098379177
2528;-0,008391657636248401
2529;-0,0002933867970315136
2530;-0,0046478652506068445
2531;0,0
2532;0,008450767046807911
2533;0,005705998372356855
2534;-0,0007709676024811847
2535;0,0035107977582784673
2536;-0,003554871008026604
2537;0,0
2538;0,00282556930401906
2539;-0,00214705654265648
2540;0,0018481528138047062
2541;0,0
2542;-0,0029719143156583245
2543;0,0017622003864136812
2544;-0,0036158590231882884
2545;0,0033605323797867037
2546;-0,00269370229296495
2547;0,006543088991933502
2548;0,007994031790009634
2549;-0,0007355741836108801
2550;-0,0008668437196784661
2551;-0,006027656215802972
2552;-0,0008903958463327385
2553;0,0002983489915560355
2554;0,0005701254430369949
2555;0,007238573675816557
2556;-0,002117657077464753
2557;0,0002267949521675034
2558;0,0006931502647968556
2559;0,005735978912330699
2560;0,003559715435258431
2561;0,005232175748100871
2562;0,003999293774357182
2563;0,004979922087050161
2564;-0,0008644791200295176
2565;0,0016771742275309119
2566;0,0
2567;0,006029862181035704
2568;-0,0010828646208509895
2569;0,0004189031146829564
2570;0,0014922378935534736
2571;0,0010175023940541276
2572;-0,0025816606675474183
2573;0,013581181939563836
2574;-0,0058771004764203
2575;0,0005036683953830516
2576;-0,003282598257417541
2577;-0,002917555877758864
2578;-0,0022868650550458714
2579;0,0007995177937872365
2580;0,0032633480993077457
2581;0,00036661912266134326
2582;-0,003384740682155033
2583;0,008339854388317126
2584;-0,0016279814951152382
2585;-0,001315228474144621
2586;-0,002011903736902209
2587;-0,012485615265953647
2588;0,00188813197147545
2589;-0,0010608362855033045
2590;-0,0008443605323889107
2591;-0,0010201534529525073
2592;0,007225317380816645
2593;0,0010848148191858569
2594;0,0029307365363928895
2595;-0,0022575567952728324
2596;-0,0016435249677560892
2597;0,0005594405740311779
2598;-0,0030595532989129127
2599;0,0019276336842417722
2600;-0,0008274931885733614
2601;0,0006875040056906727
2602;-0,001434958025354097
2603;-0,003766995820262467
2604;-0,006838028476069099
2605;0,0
2606;0,00857644056804569
2607;-0,00290757367184553
2608;-0,0017178170006366042
2609;0,007528779642538523
2610;-0,003039625852145616
2611;0,010781752773837281
2612;0,006072128106062107
2613;-0,00048575605114247193
2614;0,000552738372021074
2615;-0,0019149508153329291
2616;0,0017307386358750435
2617;0,0011884089692428136
2618;-0,0012721529972957541
2619;0,0005818760433345327
2620;0,00408035130033309
2621;3,7510393509375765e-05
2622;-0,0010257908036239289
2623;0,0011299789591918902
2624;-0,0021651757390083516
2625;-0,0014795189665720563
2626;0,004765073002474167
2627;-0,0006870720384216807
2628;-0,01834551314368625
2629;0,003680063440703132
2630;0,006744699024732498
2631;0,00514684693721281
2632;0,00183622590425737
2633;0,0024860459084413127
2634;0,0044320390592464875
2635;0,00031050179408999626
2636;0,0
2637;-0,001205286007825416
2638;-0,0004601312906201269
2639;0,00754259171830006
2640;0,0037008707032855424
2641;-0,0012184192007356274
2642;-0,0027829007381501205
2643;0,0015671051049044751
2644;0,0002671088361100848
2645;-0,0008303258478185228
2646;-0,0009791902303832095
2647;0,004501274608283941
2648;-0,0009962549022444363
2649;-0,0022421257837553104
2650;0,00028362322694394307
2651;0,008312558992556568
2652;-0,006719188389873109
2653;-0,0005828462764329325
2654;-0,00045584186772818
2655;0,001559678529930483
2656;0,0003157439383918202
2657;-0,008105510111856201
2658;0,008769477216597063
2659;-0,008637220671771834
2660;0,001532073698797482
2661;0,0023081276913972876
2662;0,0
2663;0,0014522119983846045
2664;-0,009412971248548743
2665;0,00638274075695685
2666;0,0009273360773855018
2667;-0,0007830273058416915
2668;0,007279063026366936
2669;0,0018727975574500866
2670;0,004662640144143031
2671;-5,2862612116695394e-05
2672;0,0005975913588075912
2673;0,005358270292070911
2674;-0,00015361976712352472
2675;-0,0003679748686383202
2676;-0,0010642496123316407
2677;0,002918919243124604
2678;0,0002825451687427182
2679;-0,0009730985474882821
2680;-0,0013420867417742238
2681;-0,0007283910972737436
2682;0,002446101105449387
2683;0,0004925392516085572
2684;-0,0021859786914876496
2685;0,001887254323046072
2686;0,0016459116133836385
2687;-0,00241735609047731
2688;-0,00036371425392981165
2689;-0,014580194485226952
2690;0,001274713106023881
2691;0,00999364360375926
2692;-0,0004989402693533612
2693;0,0014190955851406412
2694;-0,015557302982010086
2695;-0,001837069773336156
2696;0,0011619475876316547
2697;0,009891739536413192
2698;-0,003459582133507087
2699;-0,0020765887523938203
2700;0,001671439670407706
2701;0,0004869774552017658
2702;0,0008424428066569343
2703;0,004604515985119675
2704;0,005704748858195643
2705;0,0019805188155972674
2706;0,0
2707;-0,007579478568344627
2708;0,0031238663821462308
2709;-0,0001784758170006678
2710;-0,0014898927557054817
2711;0,010780904250841916
2712;0,0033583535924836664
2713;0,0007567795189854543
2714;-0,0011013239025146775
2715;0,0018455323152087293
2716;0,001454807314799407
2717;0,0011096653781502376
2718;0,0006341116368564334
2719;-0,0030506088934585734
2720;0,000647634756646368
2721;-0,002224499204924677
2722;7,209372186979258e-05
2723;0,0040768420216074665
2724;0,0012038828664962132
2725;0,0036982437735080622
2726;0,0038665151329828713
2727;0,0021565266962995347
2728;0,0012459783329185144
2729;0,005630873397280621
2730;-0,0010742150246923344
2731;-0,0018060255475314134
2732;0,0023197540709582955
2733;0,0018018446358107835
2734;-0,001688154144329805
2735;0,0008777258062376878
2736;0,0017492339334793062
2737;0,000672268932882235
2738;0,000742097670671056
2739;0,00032790981212586
2740;0,005103849469401585
2741;-0,003980402867081287
2742;0,0016166388736675908
2743;-0,004673963111462271
2744;0,0012701392021270566
2745;0,00804054535381592
2746;-0,0031975812572382673
2747;0,0009440395099815039
2748;0,0015908062532808776
2749;0,00018995156292258536
2750;0,0030922932168462635
2751;0,001270523074112308
2752;-0,00018912456610798272
2753;0,001442617636431107
2754;-0,0037690718494426323
2755;-0,0008980205445067916
2756;0,0009831358177202925
2757;-0,0023122919993494805
2758;-0,005540998994613265
2759;0,00816274002244117
2760;-0,002629496392601535
2761;0,0012749493588078771
2762;0,006519786005639133
2763;-0,0007505615129562197
2764;0,0
2765;0,0020540443802283723
2766;-0,00038433157526338035
2767;0,009800287295721388
2768;-0,0003693050444495722
2769;0,00815758318578807
2770;-0,002026542339749596
2771;-0,001052699437952113
2772;-0,0037464387216745616
2773;-0,00011409360251520882
2774;0,0029280818451754833
2775;0,005491194628844653
2776;0,0031968457929972233
2777;0,0015476797289272538
2778;-0,0004730653218714308
2779;-0,004079134739528824
2780;0,008934295194916394
2781;0,0053485331483242
2782;-0,003235519788593535
2783;-0,000828246999249518
2784;0,001983661548850703
2785;-0,0004582789284942958
2786;0,0
2787;-0,0010589429458703716
2788;0,0007905846262701684
2789;0,0018323481522244368
2790;-0,005196657936668189
2791;0,0
2792;0,008269096661866973
2793;0,006378433382130943
2794;0,004020568037294825
2795;0,007009177903581761
2796;0,0016609423836402202
2797;0,0013020551030292105
2798;-0,001112824506788398
2799;0,007008997490407507
2800;0,006726951075669084
2801;0,0
2802;-0,003530688627795424
2803;0,00937095716052361
2804;-0,0016176870607860264
2805;0,004375641082824612
2806;0,008034392098314767
2807;0,002172035902672236
2808;-0,0005601875894072049
2809;0,0006024531651585847
2810;0,011771597314994501
2811;-0,006754705760662041
2812;-0,010958608318405548
2813;0,0004888208887610065
2814;-0,0006482706810167338
2815;-0,021436645011316622
2816;-0,04184256124518214
2817;0,017290591086863923
2818;-0,0050141453066676256
2819;-0,038259085020510716
2820;0,0148256265596341
2821;0,013818684318076369
2822;0,002609543983683735
2823;0,013313461230303598
2824;0,011996836229864197
2825;0,0003733924947562478
2826;0,0
2827;-0,005858531424820395
2828;-0,005511689809002755
2829;0,0009731208529212048
2830;0,01590124602558474
2831;0,011688421260557077
2832;-0,012788286983879777
2833;-0,011157824195769547
2834;-0,013413907890662753
2835;0,0050587563087125835
2836;0,01097163914490453
2837;0,0026353184422145334
2838;-0,0004839667770615435
2839;0,004453176811945213
2840;0,01722951151316988
2841;-0,00127477982427725
2842;-0,006383924585162931
2843;-0,0057409415327189526
2844;-0,0007822719394124938
2845;0,0017020228353889482
2846;-0,014306008195445936
2847;0,0014807014304161871
2848;-0,0018456884848011977
2849;-0,02548489001614073
2850;-0,021189833248420765
2851;0,026795026112632157
2852;-0,017427312133270447
2853;-0,0029208740450646013
2854;0,013675733119263357
2855;0,0
2856;-0,022590592580476767
2857;0,012535934603553565
2858;0,011500105825438875
2859;0,006839366240059898
2860;-0,02216402280202734
2861;0,0033310173527511624
2862;0,016588521255114928
2863;-0,005540619488903829
2864;0,008216880187239336
2865;-0,002890821874502216
2866;0,008076322362107757
2867;0,010605144127271393
2868;0,0008310203745819628
2869;-0,005742577941307845
2870;-0,008573180471045841
2871;5,617525182039568e-05
2872;-0,013470895618345118
2873;0,0018354334726678417
2874;0,010380129158368218
2875;0,0011130162199066156
2876;-0,008221243907144358
2877;0,0025458022179105093
2878;-0,007231903167589713
2879;-0,0022562397993906034
2880;0,012729831933829549
2881;0,003451995069662222
2882;-0,00026569121971978244
2883;0,009635604216150478
2884;0,009327000979503942
2885;0,0017061751151760478
2886;0,0008831316934816184
2887;-0,006865679959648896
2888;0,0040523361876279775
2889;-0,0008562100552650634
2890;-0,002635697537311794
2891;0,007359590175901056
2892;-0,0031406635129493403
2893;0,003243109408800207
2894;-0,0020252522464269634
2895;-0,0023600281824850003
2896;0,0
2897;-0,011631583739263906
2898;0,012615911702766044
2899;-0,006903336878120701
2900;0,01079076407564197
2901;0,004469595089461682
2902;0,0007023711683356189
2903;0,00853088317566569
2904;-0,0007144506972109346
2905;0,0031210606659344705
2906;0,0010681475490628696
2907;0,0017418322369011133
2908;-0,004034177279463059
2909;0,0024684618120292836
2910;-0,0010175922059649557
2911;-0,002128422800086842
2912;-0,004031549765965106
2913;0,0017106973363122029
2914;-0,006365707692292354
2915;0,0018602493447316098
2916;-0,013819790665146471
2917;0,0022021541473088704
2918;-0,008641521386801524
2919;0,0061596150392206625
2920;0,0007580943491275485
2921;0,003063318269638806
2922;-0,004959632808581322
2923;0,0
2924;0,008583806694084265
2925;0,008445532084704199
2926;0,008784343615273702
2927;0,0034671897996766143
2928;-0,0071194619539736125
2929;0,008710984661528809
2930;0,0010786485794734959
2931;-0,001028619276585639
2932;0,003965782536343808
2933;0,002158157835582412
2934;-0,003960781746415428
2935;-0,0009489291369751974
2936;0,001836397184893872
2937;0,0047695465529177935
2938;0,009060376426541358
2939;-0,003036858079784692
2940;-0,006583879546122514
2941;-0,005770799909402402
2942;0,004872858193980633
2943;-0,0010409173801414606
2944;0,004914398127409042
2945;0,0046333873211502116
2946;0,0035320512931104955
2947;0,0028201845679715165
2948;-0,0002624143888119613
2949;-0,0014427591414417902
2950;-0,007139295225622618
2951;-0,004014003101377949
2952;0,006368919546678298
2953;-0,007631263915857995
2954;0,007888276759113128
2955;0,0033176268652185398
2956;0,002425016695182756
2957;0,002066430689121701
2958;-0,00039826858501759574
2959;-0,0016926632005294403
2960;0,006179719474590772
2961;0,007641124395724228
2962;0,00026923196567344023
2963;0,005685235804660677
2964;-0,004440118245784964
2965;0,0001344213421754606
2966;0,0
2967;-0,0016556752036839839
2968;-0,0028071067225424913
2969;-0,003658974194848502
2970;-0,002215757124654065
2971;0,0018960451407243311
2972;0,003732862156378708
2973;0,00035659819551439804
2974;0,005268348654683924
2975;0,0002754270858635385
2976;-0,005585314617480499
2977;0,005354649595431229
2978;0,0012525249991826694
2979;0,007809997394075651
2980;-0,0003685742701806347
2981;-0,0035219491222055663
2982;-0,0013059284486635185
2983;-0,0032946695026326335
2984;0,0027594661468949336
2985;-6,863441535533463e-06
2986;0,0036344555873070567
2987;-0,0003967154747124362
2988;0,0007112400153475563
2989;-0,008203069104388573
2990;-0,005543301253226848
2991;-0,0003951473188331464
2992;-0,0014189640475695234
2993;-0,033416333989061714
2994;-0,020787647463574973
2995;0,014106320709680948
2996;-0,005922538841602318
2997;0,021267870038650147
2998;-0,00025270816079308065
2999;-0,014496515061645461
3000;-0,00036123513910236955
3001;-0,004308743988789517
3002;-0,005527097324213361
3003;-0,03135083200711912
3004;0,01845372947933219
3005;-0,017479090705260276
3006;-0,00658123033377329
3007;0,015545366655688744
3008;0,010792838671999127
3009;0,010502452503904892
3010;-0,006336699810107039
3011;0,005584693817028391
3012;0,006239826862749526
3013;0,02098709901578878
3014;-0,002512134997959903
3015;-0,00924156159302086
3016;-0,0198981367275931
3017;-0,0014830044565126614
3018;-0,007596242848709706
3019;0,010538079545354202
3020;0,002220812515123669
3021;-0,016783146839093228
3022;-0,018317962154308476
3023;0,003038654446444182
3024;0,0
3025;-0,006576467765855121
3026;0,015413016366781477
3027;0,003256395228060269
3028;0,02271400793888423
3029;-0,0022001085212538245
3030;0,008152204233588811
3031;0,010881931492828126
3032;-0,03290020854234479
3033;0,0
3034;-0,0015233481015795478
3035;-0,023596383238556007
3036;0,0017606440003852311
3037;-0,0003564318930519869
3038;0,005404856335625491
3039;-0,0001999392643992198
3040;-0,019271178750727643
3041;-0,020992280594401735
3042;8,640835809843542e-05
3043;-0,015515478113209684
3044;-0,01589779340309688
3045;-0,020803200653483116
3046;-0,02748656592240741
3047;0,0
3048;0,04840323899410944
3049;0,008526177791668824
3050;-0,001242318591321125
3051;0,008456582977787399
