;FA;TA;BH
0;-0,2139047407272632;-0,13376032684148487;-0,3216207705302983
1;0,3787141294456292;0,3625617926492177;0,27091048029010595
2;0,1017724055541722;0,14092178226239355;0,09309485172105847
3;0,24559037168691572;0,2658983855332708;0,225637723539908
4;0,36663663672460084;0,39208551997587987;0,30286961527878264
5;-0,12603038626763424;-0,19646312583916423;-0,03558926429675961
6;0,6271562449420902;0,6488332630309941;0,5610168423449791
7;-0,45680539444804513;-0,2949977642448852;-0,435455582705487
8;0,7623430684320732;0,7662205208805263;0,7809636614935846
9;-0,10281998202466433;-0,11787600998995529;0,02857560173265191
10;0,5622233652094301;0,526585549705066;0,5857019273773735
11;0,5558150866162904;0,5523047691258132;0,4862549684217996
12;0,4536290959436351;0,46036383778421996;0,5364165703241113
13;0,37377271429249237;0,34904873222077204;0,22739181965943417
14;0,291424187018499;0,2827663801136263;0,5098189148792336
15;0,6113046779669582;0,6659301919565145;0,6124820510480824
16;0,42866525921807297;0,4862066296392423;0,3924553041372509
17;0,26271819078649644;0,280196082894473;0,19711191560747246
18;0,23432615546015434;0,36218800174386945;0,08374364248282656
19;0,3552461346159162;0,3504728452030937;0,5020891057509437
20;0,6308918528136728;0,607606141291832;0,5330966739155535
21;-0,23343838993261268;-0,17329543677081072;-0,1359430951504683
22;0,8507589830749615;0,8618390217361964;0,7773686712354011
23;0,42734780658079435;0,4398338811498733;0,5558483070620946
24;0,5927417848510231;0,5538126053770671;0,3673148645995609
25;0,15779792495031497;0,21052560288067548;-0,01919945508589434
26;0,3647247808394227;0,38617892608920906;0,4267410536407802
27;0,3938883509598108;0,3952051716206537;0,3131343632368974
28;0,21150547937295494;0,238410370479601;0,051758463925076145
29;0,5885926725509011;0,5986583568225071;0,40449259194893256
30;0,9685561409336362;0,9856748000904559;0,7232668604888647
31;0,40918318334630766;0,4072823860913161;0,5059291545439859
32;-0,0672033229297751;0,022648737996243572;-0,13927171017482584
33;0,30841963773001174;0,32365346902611875;0,25439340818423045
34;0,21691768813600654;0,22238494165537842;0,12252042876695064
35;0,0279764141781136;0,11263550330397872;-0,03018442585264063
36;0,5231661696732739;0,5146687188397274;0,5573016003863375
37;0,04163095571437459;0,09970814881603914;0,0010512302493904972
38;0,4152521368275934;0,3960357482209863;0,31294254429564583
39;0,3425939045770183;0,3112890624975361;0,03213191681016477
40;-0,36517121840819255;-0,12377342342167186;-0,37762332699803985
41;0,3730185799499265;0,42037644387216166;0,08708431918968892
42;0,2699606154087939;0,2349629628631654;0,14872866224022674
43;0,14511643824080536;0,16380273158386935;-0,020044559399686135
44;0,42186296601687223;0,43191129217076124;0,24851185945408655
45;-0,07701790577434621;0,09732181005011785;-0,1624717328836139
46;0,29806750350949895;0,29418482751366193;0,3540158722708184
47;0,31297387968686735;0,31174628850192443;0,33513994965174504
48;0,10394432765846674;0,04359008832000109;0,16393928249587975
49;0,8334299026770693;0,8152971150883215;0,7081751871619011
50;-0,021144817176104357;-0,004030674825707229;-0,010121940284677512
51;-0,21397145597942965;-0,10213319656545236;-0,2965770899186939
52;0,6267193729016239;0,6364302368483581;0,6707149200850024
53;0,2838112110276756;0,34972655718204493;0,34725673778153265
54;0,343808885173268;0,33381728587077014;0,3554775517364942
55;-0,4037849625839516;-0,1758736251776772;-0,459318319038608
56;0,4100595187623983;0,4537075818144691;0,23237904645788884
57;0,18175583390146655;0,23275956870300396;-0,030114411136348305
58;0,5246490877717281;0,6115701481983247;0,47285691071656394
59;0,5787263353874371;0,5565677909751134;0,5358024340469579
60;0,36340854657583044;0,396105770939006;0,4076117482490465
61;0,4369656718160433;0,4430918769504606;0,380925529967383
62;0,5824335816007008;0,5855197538687709;0,5390590664349132
63;0,4823403030927231;0,5060470763916682;0,46556443972715245
64;0,36842349992780277;0,4182239633115948;0,43325262781191665
65;0,42913999272820413;0,39008373637479954;0,36310732653576455
66;0,08756766344037971;0,09637713064927193;0,05580480972371912
67;0,39158627698175225;0,40914887217417845;0,258436971454459
68;-0,03937417410231149;-0,021578177765347817;0,2780654160055758
69;0,30003673314165213;0,312339461025302;0,3656427390799222
70;0,1051550093988656;0,16792506723110576;-0,0038151603886432124
71;0,04944948259010902;-0,02676813410302596;0,023549945330603915
72;-0,27684740423050813;-0,05604022427311652;-0,23005131973693702
73;-0,11708697908311876;0,018732972031928703;-0,2364699148717603
74;0,1677015907996824;0,2301306196442043;0,17444896372209415
75;0,36442108701541465;0,39250494951647824;0,29187383393948263
76;0,27767664363104266;0,2940248810455799;0,46968957282090756
77;0,45464851283661645;0,4618953886989046;0,3943035239930348
78;0,3403671085449794;0,3416161027838289;0,18724223255993788
79;0,21407252831911405;0,2080347645608509;0,12104909658743476
80;0,8437218061908144;0,8742897037366282;0,7362046541199618
81;0,2839828081833066;0,31237327052989194;0,4946424937763129
82;0,532122864123345;0,5302031489699558;0,39115405917170576
83;0,004788356684320991;0,12217722522099038;-0,07143131645325557
84;-0,22069964163954336;-0,23096539585713616;-0,2678856337654811
85;0,07507423301532665;0,07886214960706484;0,019490990488143185
86;0,012218940336953844;0,09347683180559223;-0,018536296155887533
87;0,7188950969004776;0,7161362800624625;0,7325605623666293
88;0,6366348277545495;0,6449600559962859;0,6448921701585231
89;0,8402946058912524;0,8305982876341951;0,6243976533951646
90;-0,42680299974295605;-0,32590700948243123;-0,462917119081925
91;0,6095953563073051;0,6097754492024119;0,4478296862928262
92;0,14167676821502329;0,14793751264832666;0,08805354647706569
93;0,5029101172652034;0,5078039642265141;0,4818192898821554
94;-0,08740236971248214;0,11364541803124167;-0,07421434389736542
95;0,5891839809692858;0,6261040863812761;0,38660100534561637
96;0,47141273558775854;0,46700009301225165;0,351179033890409
97;-0,2702050437047598;-0,11933273668141135;-0,3147347550001896
98;0,7023571550341726;0,685256262317969;0,5234221141877945
99;-0,7258867360410706;-0,40323415718031264;-0,6584498355477602
100;0,019836117821219402;0,07881202756982364;-0,09932685500552028
101;0,46328050591569025;0,4591539196952989;0,381014091578322
102;0,4560297122041015;0,4793478903156641;0,32228371356995633
103;0,8314773819609069;0,845567631603409;0,622386012014365
104;-0,12085752711739077;-0,20477402466923608;-0,051715044653092436
105;0,5361702564256483;0,5593788909317996;0,4709788529578473
106;0,627868778192221;0,5969101798597204;0,67167272585285
107;0,4945082122529883;0,43076779523318;0,14584336564237585
108;-0,10566336587285224;0,01275928435698966;-0,12174156074347521
109;-0,2847585310497652;-0,11649878046375949;-0,25309105362236256
110;-0,14000266568768133;-0,04450659214834197;-0,17795676427638069
111;0,2748781613624855;0,2552541904729394;0,16571888077328142
112;0,3672950731679102;0,2539715871678727;0,2998726946285703
113;1,0935145051874318;1,0872934304008652;0,8304377268885956
114;0,03150420443740787;0,08990492835160473;-0,09662077576993967
115;0,479078533403421;0,5017043845171201;0,2295727368314016
116;0,5043781090684035;0,5059347541613377;0,533154958778624
117;0,7405778549021128;0,7496052734907536;0,7820494873566378
118;0,47857898326961673;0,49870192826569154;0,24974017977672427
119;0,8959414211553424;0,9022552623969677;0,9195918195575472
120;0,3101898735475581;0,27648250616192505;0,3206677596708141
121;0,16789903407668372;0,16740391068401006;0,01712148086085521
122;0,10632039454496083;0,09708599366442215;0,1790357697243862
123;0,5380283915353115;0,519696887974655;0,48727089916120375
124;0,4600719153110694;0,47558081536790064;0,4746750158108808
125;0,14914034417241018;0,2546723455987616;0,08778719775739285
126;0,4050906364284863;0,4120824561094218;0,394351597115656
127;0,03157360417212343;-0,013093264180936199;0,0864101086157145
128;0,5068186011362401;0,4484552720440537;0,16707936081845018
129;0,7804792605660116;0,7935751087811337;0,8039959416219473
130;1,0166268110534968;1,014645151667544;0,9339509364910498
131;0,397206567288449;0,4178818255655305;0,38933577158025595
132;0,4052228360423562;0,39853307029696167;0,23914988739929766
133;-0,14929728258291616;-0,15891750725047452;-0,16577704225354623
134;0,0535981374144531;0,028133209015987294;0,18198264303687883
135;0,35787548400197566;0,3927533817045455;0,3155544053094411
136;0,581291872264;0,591075871247033;0,501915449653177
137;-0,26972428317218533;-0,09514311250244512;-0,23452026378263982
138;0,3953808279642344;0,3478205113577891;0,2675411932875212
139;0,33672831929153785;0,35205596064381195;0,18663512743026064
140;0,8188255434562948;0,8235608825965558;0,5115092439797101
141;0,7228263003871084;0,7436143372150283;0,6900519602315762
142;0,2310548664252585;0,23136268797056053;0,11404649619271962
143;0,4434606284202866;0,444221086269084;0,5438996548498216
144;0,24809992738276698;0,21956093596614562;0,20079348809404285
145;0,005396365979214932;-0,06007583822286512;0,03034670106270662
146;0,3626104837267283;0,34628281281393386;0,3634805377816269
147;0,2681721337146677;0,28268079126295326;0,2315257102384319
148;0,7344499563806747;0,8021737017380026;0,4650121171133637
149;0,04925528749008816;-0,008637976469866018;-0,0044307266912172625
150;-0,06300819558212586;0,1424758207290106;-0,15633918313888445
151;0,20471339172164094;0,18193787884927065;0,2726201515466593
152;0,48628708456794884;0,4904577371131275;0,629586951722522
153;0,14855222760194042;0,14773292468067845;0,25942795069531316
154;0,033041733547598165;0,12262212781298926;0,0016429931251529398
155;-0,26678410488029863;-0,1401789048121286;-0,30275933941131106
156;-0,09780718745545466;-0,058051073518328014;-0,10102665332745278
157;0,7676010171862642;0,7379127615327155;0,552649787994341
158;0,5656650149999496;0,5896353634989325;0,7195747524413855
159;0,030767884510692324;0,09202754819583969;-0,004523331197477464
160;0,6794282626786244;0,688042176429145;0,361822248785954
161;0,09310819793471282;0,11064720040978776;0,30102946288951066
162;-0,04147888982593004;0,009167244426648838;-0,08669511906081671
163;0,20597302901099107;0,20978205965330737;0,19393413042865898
164;0,6014211264935091;0,5912028604832334;0,6330737955567906
165;0,43544965330514374;0,44036258477251017;0,40468291811489776
166;0,3043524058726778;0,3219595579233454;0,22198464565529358
167;0,06595125470536715;0,1732234599524596;-0,005263832041235087
168;-0,49641225456367316;-0,32587162576356393;-0,49511392206583577
169;0,5411747512996973;0,5703620381411421;0,2618046056043589
170;0,16668593676074975;0,18685700153420307;0,1997682852208518
171;-0,11350442926829504;0,09315336053244211;-0,09068012344346224
172;0,3938761816722073;0,3995589152152877;0,36442989921330315
173;0,4993508700337833;0,5036176327594889;0,5377525031046679
174;0,8707797743413719;0,8671012812541797;0,8323427674466796
175;0,5073747533386306;0,5142960432476018;0,5285036498461595
176;0,36719915325649777;0,3748052951941379;0,19525820137285232
177;0,38528375830339334;0,35368915041204585;0,1749727821803695
178;0,6775895674265114;0,6711215526349326;0,48779181961433543
179;0,2554065071511696;0,19320767049092888;0,24321077872600969
180;0,4729362966822533;0,45440771351109954;0,3189300875362828
181;0,3878215895727653;0,4135927308431085;0,3017110265084757
182;0,6761020575377128;0,6589598027659924;0,7767307219877062
183;0,7604853611898638;0,7711396627385987;0,6131327388481395
184;0,6688229284092073;0,6774158636393784;0,6941998459071487
185;0,2144022620721806;0,21120490156861907;0,4171619432600594
186;0,26021364309779527;0,10934113794017584;0,24072130556417426
187;0,5596745292078926;0,5526455986686004;0,5441118308227321
188;0,3774661791650711;0,4005039895877405;0,4448314135363266
189;0,056784884450690125;-0,01682254419388272;0,02416582588989307
190;0,6242170623439849;0,6211002824902274;0,46217223357190323
191;0,3506049441250173;0,2839412230066658;0,18411882242109412
192;0,02380319816594825;-0,030687048819747157;0,03491269349175403
193;0,5418416588057027;0,4390859594479899;0,4501724205495831
194;0,5141327321466324;0,515178350264385;0,41684332476047814
195;-0,15507673581646347;0,019803439506499328;-0,1535941909830373
196;0,6544714484525594;0,6653662806260229;0,5893645503550128
197;0,2724677975693421;0,28302421888330753;0,37370975709109566
198;0,18492935838687685;0,125743061798766;0,22552843658362584
199;0,23423782536953613;0,24083553038319744;0,22040124389363563
200;0,30838418066323725;0,3583439968478934;0,1052113011268403
201;0,24998945104641143;0,22838621826275446;0,19258642151404193
202;-0,018764485602822848;-0,0074384073535024775;0,019182567460619818
203;0,5760797687567212;0,5935502821118183;0,27400407176950264
204;-0,07643290071152381;-0,009708339859532815;-0,14967801918653165
205;0,08370140791638332;0,05279925095219436;0,09279702469349245
206;0,30989350605132676;0,22745253088752573;0,13160694131684075
207;0,5551003888863717;0,568510761242413;0,6564255142082488
208;0,5020491978045093;0,5222628273778286;0,5745490610271804
209;0,4018714267930587;0,4459729337723709;0,4515997667478413
210;0,0028482625998692474;0,0023094730300480515;-0,03147933094222692
211;0,46938948030225963;0,42987984897738524;0,3684497826921053
212;0,3073912219028906;0,30378655875796445;0,27475408085296155
213;0,3897538852296627;0,3760147178237768;0,40465534416258364
214;-0,13968581616040954;-0,06557007958682184;-0,18912967485027088
215;0,4762794099219838;0,4863451019939629;0,2550726492890586
216;0,03143070883759162;0,20287557635870215;-0,11550094051034226
217;0,21843603409483914;0,23545351232193404;0,3073588362714574
218;0,4891894591165575;0,4717682959661891;0,31582638904814825
219;0,2171449894121277;0,23621375191089908;0,22947512465076267
220;0,1630020381590778;-0,08090670698961236;0,18947226385284355
221;-0,12486392725825425;-0,195380911143817;-0,09155801823466168
222;0,33186392852367624;0,30593131591391154;0,05671875391485233
223;0,4631636786850402;0,45856717860036744;0,5218162201178622
224;-0,09532208353534401;0,0733240565658317;-0,029534345238952365
225;0,2998610377656644;0,29299003885290864;0,30575531833045344
226;0,46754561853662824;0,45882213792910365;0,2062731380108929
227;0,16098929010527344;0,07621292956907692;0,11581629882412546
228;0,46051919082226683;0,4818719260311517;0,32035431936612524
229;0,4156997388418067;0,4266978873878704;0,30189524419126507
230;0,35093660418014316;0,34006846096878723;0,2392901872034936
231;0,45084365070589805;0,49863924901365636;0,3494119145420303
232;0,32255704140463815;0,30043429148386835;0,3421961589215165
233;0,29737432075381054;0,2884969900538487;0,18757688361891414
234;0,4991186632060995;0,4991743407130599;0,3721879110682309
235;0,16928442762323917;0,31782323167780435;0,08672016524527029
236;0,22162891587952085;0,2075659147935005;0,2598121500893886
237;0,8490409308034318;0,8721713518914478;0,660551256023138
238;0,23074519119542677;0,23300038037224277;0,29660221592668373
239;0,14812040744614272;0,16846345765642046;0,061220402894856446
240;-0,11890303793061809;0,03245912548747475;-0,1385640662915072
241;0,6936159331758582;0,6982648520167727;0,6255600731343861
242;0,3979668390334559;0,421003602001284;0,21293868645985692
243;0,49753310730980627;0,5108133104256379;0,12428119942631399
244;0,5612252910157681;0,5886747341366233;0,4538807687095212
245;0,04915483485216895;0,08622573079265927;0,07303203199530509
246;0,5788363819250449;0,5435218407397437;0,4278694844733505
247;0,13333720889661477;0,40899186801327886;0,07735430110666672
248;0,2846453329141143;0,3219300362314246;0,2915533955881695
249;0,2867305528559965;0,3431986237461642;0,12054331715445726
250;-0,15678445398370114;0,0036102170330739062;-0,13035858680934873
251;0,24619585721974638;0,07774976439859026;0,10248960966431726
252;0,28552460597820434;0,24205797564177842;0,18554172233961336
253;0,5265736323805229;0,5604002090517604;0,3969317212810514
254;0,5310953929886024;0,5363178301238879;0,603068872462512
255;0,8125259991359841;0,824044965987376;0,861474849018049
256;0,5248061792299357;0,5360584167325431;0,6149447584220933
257;0,30245815282645866;0,3705844710354371;0,2907617883956765
258;0,28973049301391957;0,27639408617472777;0,16157112680336225
259;0,2520102189128169;0,22687361037443357;0,17540516898863098
260;-0,17185739339962616;-0,04900586372276398;-0,2597668793236395
261;0,3176448124090395;0,3060501792548455;0,3726265691626421
262;0,5343779009878828;0,5506934492833314;0,3504320349225066
263;0,6057774201366519;0,6293264066754681;0,5444544747477053
264;0,5221609076104737;0,5044436917446123;0,34507918821790456
265;0,027049742996326717;-0,015711501591238762;-0,0642269981406248
266;0,25084198037261074;0,28333946537257415;0,003736666272552935
267;-0,024917419168038912;0,005364104815043024;-0,19771837091398514
268;0,1672464195456941;0,2022573432169509;-0,021975158409106035
269;0,2180586977833101;0,1275708037489923;0,11913201912477836
270;0,22827393949837244;0,20534168857635504;0,13452291263635763
271;0,38163886304949945;0,393544813797251;0,30000954724591444
272;0,23577851556145707;0,2524963067648948;0,3650081770112365
273;-0,285351551565768;-0,00471494198933602;-0,22955003032548976
274;0,4163278075079613;0,44313883826005096;0,3132696657169395
275;0,460668343282976;0,4155395483562046;0,42331738714051226
276;0,30886872456208436;0,3829760192403447;0,20339450380230226
277;0,24862274259814598;0,2231038751024626;0,2399904207066568
278;0,43723675598305567;0,4536262233452589;0,3727656477359765
279;0,34706597651331494;0,34097718527602294;0,29148719013516033
280;0,5554338966871303;0,5959556197422603;0,3854734544021686
281;0,46817622920752255;0,4761665340143303;0,653757898804516
282;0,12838082017798813;0,13020546551159928;0,12789683372794206
283;0,6442961408871868;0,6551200058210173;0,6690627657842889
284;-0,2518285668900867;-0,09369624522832881;-0,324989673585069
285;0,24615105558360265;0,2698641741762486;0,20372593597368602
286;0,26628489468973715;0,3091346028184722;0,26143897744235883
287;0,06678393440305283;0,24164909362690695;0,06970408462018671
288;0,2059802808517396;0,2960169251605141;0,14694587025194342
289;0,26208717971147333;0,3114104222073357;0,39918012916604845
290;-0,021409640667963373;0,034664775282270216;-0,02207524368986852
291;-0,10208296986972652;0,09534098019928948;-0,16101274498994564
292;0,2985708135124642;0,29116272763903733;0,2583234452154091
293;0,4595755383347942;0,46213158338659577;0,37206187763331033
294;0,42269838589432024;0,4337532669866007;0,4199077285883737
295;0,374941724591499;0,3009556393166787;0,34892993920154414
296;0,5366249952722805;0,5365364275038139;0,46723335409159916
297;0,47722312491768143;0,47346180233508783;0,37936240420212264
298;-0,2564972379440504;0,038166104558196266;-0,2856647769505674
299;0,17707585324298863;0,14191384816067895;0,020277728776504682
300;0,2711702795281264;0,27510135407443;0,2811125853500418
301;0,5420532767969454;0,5474303553195764;0,500958266358511
302;0,4429324233065804;0,4727415155072434;0,599055543062562
303;0,07051896862160323;-0,01345687075813826;-0,009678200190323881
304;0,525597587876541;0,500132557920121;0,6120073454652153
305;0,5406974532326128;0,531509137942438;0,441136171551129
306;0,416493368727303;0,40184937960831596;0,38750108463846417
307;-0,3121516233352153;-0,14190085763271965;-0,31042018524857673
308;0,4540629338725352;0,47713460432251326;0,578124818561779
309;0,6004680517789297;0,5037548760451069;0,6195938377464418
310;0,3874522636323094;0,4060775247212486;0,5574969792052933
311;0,8178769455347399;0,8166380381259075;0,7792026739283128
312;0,20769959440463037;0,213405663142579;0,23804746658317094
313;0,980931654183399;0,9768075842776184;0,8170528791690858
314;0,09167120350186678;0,14736662296934483;-0,037873831017258094
315;0,11092515733687115;0,07732269946963682;0,02126803468284465
316;0,297286167337397;0,3128621501693062;0,4848503616456004
317;0,7288788196982728;0,7228894565704367;0,49195495364679037
318;0,7234824571428536;0,712569158045749;0,6066665964878083
319;0,6969525833850675;0,6998361875373694;0,6356874075853449
320;0,6519178026332632;0,6631249377071593;0,6844961570558445
321;0,4843049011667738;0,49054786047730214;0,21827470168183313
322;1,034970242721634;1,0433833440250688;1,0447872969502539
323;0,45759353063004427;0,4702409215836353;0,34958473583945887
324;-0,17443284279908447;-0,0018468005972007509;-0,27798981649606336
325;0,6924130082901955;0,7088809496511533;0,37327801088671203
326;0,397449301338029;0,40791913455148354;0,44856393470744577
327;0,36771558409739274;0,35616145772623276;0,2767572089603898
328;0,2769612327579477;0,21527924254055456;0,07930098609758049
329;0,8835813689023454;0,9172092517294154;0,6686126796273759
330;-0,12385665114005205;0,03610148439275514;0,022615013279798625
331;0,7527091744707716;0,7563443466012674;0,6669157720169955
332;0,5160321439179288;0,5313639487576584;0,6526761611101807
333;-0,10629927694708627;-0,17838168368746707;-0,05133055601719198
334;0,6334086498976317;0,6396118397940971;0,541752428649552
335;0,250212623741588;0,2649557047930633;0,3828581736617655
336;0,15412837084956585;0,15319242597765026;-0,06590950246362184
337;0,0337547842861772;0,03055515351380464;-0,032597727659522714
338;0,2947995940562877;0,27380800569120706;0,07762561776528941
339;0,611160738676999;0,6227643225218523;0,335957381476968
340;0,48493165161931456;0,4654862982996324;0,1703394660323233
341;0,5711218583094798;0,5708862537198648;0,4615005206841974
342;-0,1249839905486757;0,05321342988730258;-0,14824437904278034
343;0,4505085389059483;0,4549382751694261;0,31529922479991285
344;0,5828398718164963;0,573332390119582;0,3309714250313233
345;-0,18389083134271733;-0,11045805667978509;-0,1827268889165172
346;0,24877946045500007;0,26665886747776707;0,3468908322013444
347;0,3007382237685409;0,2850697907194445;0,15376829363129121
348;0,32558246268550356;0,27917109931330464;0,20833579387770274
349;0,0007066547857926983;0,03364972363109738;-0,01981011999220047
350;0,39115367124908473;0,4010555959137111;0,5691745625185973
351;0,2671373409244755;0,2750450723096545;0,04318731951987658
352;0,2439055208531838;0,24561674109722162;0,3083209087265139
353;-0,4516394913980309;-0,16976465602497715;-0,41563621857630734
354;0,9891555337098626;0,9686496017816187;0,8933892580280564
355;-0,0861679870286828;0,14749506975568807;-0,17657013502905472
356;-0,08030831669614992;-0,0314703468224691;-0,04819603175885722
357;0,3587816070043614;0,3549375760906918;0,47368070440588955
358;-0,10749192582700277;-0,011411864566512898;-0,11898057345759518
359;0,17551975443914342;0,11106092471324293;0,07843802991604899
360;0,5449889014951499;0,5557985810393047;0,5749527130882557
361;0,8014055551907407;0,7997219307249077;0,6015666600289717
362;-0,19688723372418823;-0,17258996788964462;-0,26376088888930066
363;-0,33080364050205857;-0,14378220170179093;-0,3050630195271609
364;0,5926231520246237;0,6209573478687184;0,5299866775864496
365;-0,2955836469312365;-0,1856370069452638;-0,29117779898351853
366;-0,0652491656395516;0,08663996704885372;-0,20494970465341894
367;-0,005454849136969671;-0,1033802412306516;0,12748524728644167
368;0,3975527786386338;0,3675771639967041;0,2568250217774029
369;0,142158370268702;0,1646252278229934;0,08949713684091996
370;0,25645692836006995;0,2537452754357272;0,2112847511979787
371;0,3414256569554005;0,3556513199958456;0,30142492732855153
372;0,1075919191471476;0,2244663242925636;0,028262983693609658
373;0,16761302982434043;0,14172259691896785;0,12060932410529546
374;-0,16270711351504347;-0,06411111290102194;-0,20025540241389114
375;-0,07716614816534102;-0,1003544709206886;-0,008801515616324439
376;0,09188175660515303;0,021575016198304132;-0,08966734589819737
377;0,3124395185724557;0,3869015287894523;0,1709846836103835
378;0,7423847288072029;0,7465250486245183;0,578691756142477
379;0,8429227602824393;0,8446752797416474;0,8996501009989066
380;0,9056268357397462;0,9972145276995946;0,8737609924079724
381;-0,05244720838681628;-0,08942230497446403;-0,16206631519066647
382;0,4591816279779843;0,45206049267470927;0,27227973916355047
383;0,36319329168095404;0,3271874024910028;0,356644554673395
384;0,771185827449893;0,7736892878972208;0,6240376158859898
385;0,33434365859128473;0,23081898754533542;0,061929537699344034
386;0,41894483306521085;0,4522007612557603;0,2513768545332861
387;0,06840680225851678;0,06946469340013557;0,0048926517347047645
388;0,23234318194943748;0,15401849170936552;0,09937613885169069
389;0,12659733053227928;0,13361735225794347;0,47552376994061635
390;0,5305359084177765;0,5419944348258787;0,4073818903632287
391;-0,09040974145108348;-0,062443622756803305;-0,1540980929287821
392;0,595522978708187;0,5932715172020138;0,35414501747286475
393;0,5642103597090866;0,5694012555936822;0,40157111233682447
394;0,03362973019847359;0,12232389610386317;0,028966254748884614
395;0,31750385639869494;0,3161136730307334;0,2843901752213727
396;0,34523164499328535;0,3589010319614513;0,21225245604720153
397;0,6272463181535956;0,7417151823410856;0,626928408812628
398;0,5090503908939763;0,487963911696247;0,2723057212013416
399;0,4153868532217777;0,4237483763720095;0,3725758313214101
400;0,12296225535416916;0,10882584287842897;0,030118470392507004
401;-0,14591559108494076;0,07953633549084436;-0,23316180811658657
402;0,10619023656142224;0,09434748604138139;0,037529447218505374
403;0,43225446557553393;0,43862521304137636;0,22567197581168266
404;0,3276290529358433;0,31715441402240047;0,30244290718150485
405;0,34863248148208537;0,33779930984001166;0,19566109885387614
406;0,288141753442819;0,3098020844798245;0,22814217566010978
407;-0,3264292070467208;-0,19796483581054541;-0,3785212694006895
408;0,5666430779460353;0,5825500363821228;0,4071189786340015
409;0,17607264428880376;0,2577495239276487;0,04960352498097677
410;0,5704971272060267;0,5864977859936839;0,7225900187243384
411;0,17961611074713246;0,10709830925640611;0,16791396637636455
412;-0,18654609233144154;-0,17946733984743685;-0,1596444624373303
413;-0,0838474754817848;0,009436754438690142;0,03639012100340889
414;-0,22302916423447475;-0,11770009127820463;-0,18998779532813428
415;0,6277170021839461;0,6205816027062511;0,15806441896971557
416;0,019664328497802298;0,04457765041283637;0,08066622076728223
417;0,41929097721222736;0,3868267260639885;0,46849467974798076
418;0,2529918033425224;0,2509678000335881;0,358772644498251
419;-0,03664518570114924;0,04792117604330974;-0,12938064837257077
420;-0,21577305333406774;-0,103520315474568;-0,02667468608997701
421;0,6072883639365446;0,6232824523014001;0,5135761344927136
422;0,49246328659072136;0,45650261420707455;0,49088090049931077
423;0,043021704957502856;0,10790832127061342;-0,0631355341420804
424;0,4830723468677061;0,4936239480868417;0,36937402836414435
425;0,7846301871753298;0,7685120887329883;0,8501042712041119
426;0,5635154544849106;0,5926002382996686;0,6781073514959542
427;0,6254216736035272;0,6391347591272684;0,3738198417156037
428;-0,26726237935428676;-0,1027990564668685;-0,18076770072611156
429;1,2376731283816162;1,2274670023534062;1,2480366639610319
430;0,3422123215597372;0,3474742974955234;0,26849985362746204
431;0,5836107385265246;0,587994313691843;0,5593421766691316
432;0,8619130691530953;0,8565744973477114;0,7634286197020381
433;0,25120288294318655;0,24401408114748888;0,3347343018608244
434;0,5222780097009022;0,5055684580046977;0,5241577782234285
435;-0,506926634616018;-0,35985773232428003;-0,5108450974686097
436;0,5980115132708917;0,5593034278243034;0,5234712183695364
437;0,31838658203284653;0,33241343456556816;0,09389383654452416
438;-0,06204166311012245;-0,033122845334031;-0,02311983490624766
439;-0,029037508310402402;0,10419116062161447;-0,04511260682578295
440;0,25427331111660245;0,23428528951939845;0,21880090659636753
441;0,16694735215279047;0,14620641179747593;0,14857794122739199
442;0,46419292902656256;0,48117111011947566;0,3196435081988983
443;0,49835132063767773;0,5374696236421022;0,4220664885143939
444;-0,08931789075732743;0,14432419931264132;-0,142404270042853
445;0,4184110329024328;0,4132313181992481;0,2746501980944989
446;0,462381878584142;0,3089138528736508;0,229105296445873
447;-0,2586511305052926;-0,15156516438948264;-0,1921793313444411
448;0,5767016445279523;0,5669473994495242;0,4874806755129491
449;-0,22295459589212588;-0,00012735286019580804;-0,26520205470791075
450;0,2939699957928696;0,318141109535777;0,2525819771298147
451;0,3600727086511848;0,34546368837885083;0,42805932182940093
452;0,7329672923740044;0,7397451364771087;0,7376545964475607
453;0,176451184109662;0,27677035837239583;0,17628623654683523
454;0,01576651616399449;-0,06614993195378989;0,05686188774418904
455;0,1700613838126764;0,15263170705496715;0,32295275650372024
456;0,3769818222897466;0,3845025323852527;0,5266903944667023
457;0,16314683425856136;0,2250422705238563;0,054190442812402824
458;0,7289516740218375;0,775654258286165;0,6129153805775344
459;0,3823681158365389;0,3243582896592836;0,33402668281820486
460;-0,16188839463437754;-0,12275118766208981;-0,17361222774501356
461;0,20362294519833649;0,1859389916586931;0,14679217842483622
462;0,36270639505750224;0,2597529214316554;0,426677418435454
463;0,13621413249681025;0,18646908789086813;0,17432671334961153
464;0,6861177324363824;0,7072765847617155;0,6040420607536182
465;0,09986721322835738;0,13230892964156898;-0,03179580033520954
466;0,0900108708498436;0,1707251973547867;-0,0750917824620485
467;0,35447498829697055;0,3953223130680206;0,29535024250995373
468;0,46444576714115426;0,45638807232175016;0,5067454309658007
469;0,1916943752699625;0,13123642681530623;0,10199973925586156
470;0,16388992769635086;0,16452960012970425;0,0806948387718758
471;0,5855042324660378;0,6008357638615042;0,6173511576137877
472;0,46038437957719036;0,49638771956865757;0,25959508238173096
473;0,26227804263027893;0,28522847077549995;0,07781584898070527
474;0,6342356874508267;0,5989648389430487;0,6023437007885
475;0,3519046210780527;0,35524811835315123;0,42265192250915135
476;0,7214879085533371;0,7222136693961251;0,7740424059944057
477;0,05338615803846881;0,14177069673541423;-0,06804744650984007
478;0,03979898256806474;0,07102413404023009;0,0632847140867549
479;-0,28052186004037805;-0,204748309543955;-0,23088381511793027
480;0,4765106195376127;0,49172444104623136;0,5095175254732592
481;0,8277310525843392;0,844564344960121;0,7100347337636125
482;0,39350362849408765;0,3900051671311902;0,1527631509432288
483;0,026292231092189373;0,0793109200150218;0,06974869029615363
484;0,4184887365948694;0,4251383371524673;0,5420574782927057
485;-0,1025431169848166;-0,14002796542451074;-0,1069761824038608
486;0,16431544833540832;0,1401623331001046;0,05779796389979454
487;0,02494037371664819;0,06846961591942166;-0,0008816470106144377
488;0,10909767874145053;0,06141811523250794;-0,019388462771401365
489;0,32181392034800216;0,2755183148257239;0,2721910470038576
490;0,7313249856090654;0,7129948936621804;0,6257144658698696
491;0,304026501585735;0,3170331176901748;0,19491703666261717
492;0,8128654833282363;0,8072171789758493;0,8989395389557486
493;-0,23039475178495145;-0,14255109875335092;-0,32276680022745763
494;0,07344358929022922;0,09029465880899193;0,1865949625709633
495;0,8415018361225566;0,8261646888290032;0,7468509680420388
496;0,21344634603110535;0,23483115560399484;0,2534227033163776
497;0,03816004713563342;0,016409000565048473;-0,04632920949736052
498;0,41741909152893447;0,4104551670324547;0,36476780255630314
499;0,1014243044501455;0,15663055186991579;-0,02167246315931023
500;0,6014835810141822;0,5962296100330177;0,25304422868045146
501;0,41681717979449184;0,4916134284596214;0,40367720367476634
502;0,39370540739256804;0,40241329047419444;0,28579908389877223
503;0,1599396496416833;0,13557514974113052;0,19013904489648162
504;-0,009954243644787187;-0,09947543487262107;8,143266201381126e-05
505;0,47068216604457586;0,4404683553344087;0,4097900933843248
506;-0,12797700982284055;-0,20264842406783232;-0,19619206630872948
507;0,48306680294176785;0,4863812113169993;0,5397407237027906
508;0,4749647075300623;0,5124249725118647;0,6197273314368147
509;0,5486374991019433;0,5700844878079248;0,46001888579509015
510;0,4888478466284447;0,4928730306374929;0,5812728556719965
511;0,32776748623718877;0,32586662693397045;0,4632420845347782
512;-0,19730265173983175;-0,24374129143223203;-0,20860332607254078
513;0,05864507655362134;0,029879722500671203;0,23586121362505377
514;1,0415202042701373;1,0359517539335314;0,6921593347510879
515;0,6585735262666397;0,6783400291616444;0,48167338986465685
516;0,3933875897575429;0,40256691044827125;0,24117514790313646
517;-0,3290532492579566;-0,18646330234048636;-0,2828841690118349
518;-0,17148779672762965;-0,189824906095682;-0,05798885269802452
519;0,43341701939865984;0,4288475054494869;0,5721207000916467
520;-0,11099554197309332;0,008933264689588332;-0,0669557773666204
521;0,43541411182932294;0,4409359545395583;0,6257743612100332
522;0,8231482890829033;0,8344638999481223;0,6034688609254076
523;0,5346126547850745;0,5367069257880513;0,5221319985098197
524;0,5697623550097286;0,5859780339952088;0,37018682120445234
525;0,390145777894422;0,39665888329641635;0,4072311964798401
526;0,422388937131412;0,40036441391441385;0,07775017280115518
527;0,353833970191364;0,33800247579121767;0,22762291611455704
528;0,5510853388327714;0,5360772814065135;0,22101840518247257
529;0,46859459669809167;0,45356249441939234;0,1107304399553136
530;0,5201993295801678;0,5172477376841996;0,537386904537259
531;0,4906742361317845;0,5327341476591658;0,24663389403121566
532;0,44879491160589674;0,47757358979665954;0,4884963342010821
533;-0,026292188228988662;0,13061013585409742;-0,06818157414804905
534;-0,3957085748792979;-0,27293584389873754;-0,4014708387852887
535;0,3460650026762025;0,3314352285400441;0,25549050588065414
536;-0,3248632556569265;-0,1887618869474266;-0,25489216064752407
537;-0,14713355470529355;-0,041567119789853675;-0,15238076060809805
538;-0,21308059965423057;0,03962522049778463;-0,19468910663022904
539;0,4378219471452608;0,4790350254534701;0,34831737188210904
540;0,708852956548051;0,7113512195150347;0,6633147800292717
541;0,24412968815314096;0,19733415291594777;0,2587381463683031
542;-0,12039295777905595;0,015418266907112331;-0,14024712275034876
543;0,9393863341220683;0,9105759640367861;0,9694074897432208
544;0,30811079824184956;0,3045808979788626;0,2858633536644402
545;0,5917353324322507;0,5437042876296289;0,5344636599282401
546;-0,012790448451570501;-0,003303568808460044;-0,11640833314558581
547;0,3534392722846627;0,3416878809336593;0,34791228924823486
548;0,8246816362454727;0,8431349124880145;0,7874070848730305
549;0,6832859112313483;0,6852064715529319;0,6901135941882401
550;-0,3669948115029128;-0,1846416408752784;-0,3065033193738399
551;0,3632875000479845;0,29427528903222694;0,17234319062804687
552;0,6797246492845536;0,6673369554979821;0,6250897367959843
553;0,9321464896242775;0,9054927344615646;0,6922682804844158
554;0,6793054024365622;0,7005251436344929;0,7798703484850095
555;0,5611149778074587;0,561523723023294;0,6470214273516992
556;0,1632029003559265;0,17851115619194874;0,14222664973170396
557;0,21221166160864613;0,20049115774889376;0,05658271231098145
558;0,7913054449896518;0,7844817523713857;0,9921157957618847
559;0,6175798020354842;0,47023327616455735;0,3896520137768501
560;0,3802707053288666;0,38353919807314496;0,25707459974326
561;0,6929067183635086;0,6825696614884446;0,613923150185957
562;0,20324331606264737;0,1741616495553366;0,17924016472513793
563;0,030444587003392323;0,06798507250868734;-0,04039815819466681
564;0,13601147474440445;0,3011107561672516;-0,05721188131692228
565;0,08868073664210638;-0,03371931729385634;0,10651820315040274
566;0,2543790852738944;0,2624741664636256;0,35723007249150973
567;0,296442073869492;0,3516371075742713;0,2516016174228077
568;0,2218098909173923;0,2040413226263959;0,09606219816854296
569;0,20614497404902896;0,2330469435219669;0,4150911156399168
570;0,3561696364985173;0,4149663077462284;0,1338430273702405
571;-0,04774804726287871;-0,016833854601304574;-0,04083429327686021
572;0,3736626642819139;0,38499323376010897;0,2245558057128752
573;0,2873354612355712;0,2873007204287884;0,41619307274741796
574;0,8261565163710395;0,8350077436614696;0,7740097880702163
575;0,2561066829568433;0,23777422643424748;0,2681351443724059
576;0,2669074243700538;0,2627449876547947;0,1137434244769514
577;0,8020056621655274;0,8231078740624113;0,6906831367911246
578;0,4458734964790664;0,4522867874178353;0,43487213918191187
579;0,13202535413974648;0,20953463085339266;-0,07251427404595072
580;-0,2093481562452661;0,06253153264829504;-0,2693147883351085
581;0,4641589923743451;0,46423051196436177;0,4706362912913724
582;-0,03520498072067185;0,0694327424971686;-0,03411056597148156
583;0,47512481550942137;0,46355415791849064;0,5345458645596292
584;0,1323014512883874;0,1319784862534905;0,05974314335130344
585;0,5848372887099774;0,5772523742685896;0,48662447364115463
586;0,3751171442407752;0,3442177082498309;0,49746821503561683
587;0,6174031167426153;0,608063120920368;0,4099081720551803
588;0,32258756582355563;0,31751436585440224;0,23872093855656376
589;-0,164920788686021;-0,03678575640391399;0,03142765126470503
590;0,5561848138452983;0,556310572824308;0,48260088889861247
591;-0,11680394161923754;-0,166338303300458;-0,08606534518930299
592;-0,004415903517544504;0,2022962111435647;0,012738019226649203
593;0,4030650895474757;0,3377384789955325;0,0869423485091524
594;0,5365095906326555;0,5038558401132512;0,4338844236747492
595;-0,14483145088910807;0,06329898078435879;-0,1573258394499991
596;0,6423218323037374;0,6172076884195817;0,7714960273431414
597;0,11520216124502532;0,13000733143556245;-0,008103725123007591
598;-0,37039462048103966;-0,11234693904287506;-0,2413194064926704
599;0,6034183111135973;0,6140655687855446;0,6594907644208956
600;0,33402548719806124;0,363633063627237;0,3210264585552195
601;0,4914842724711351;0,4924755889065657;0,6946475969150303
602;-0,016485408666546415;0,15312915464793722;-0,13513516247281723
603;0,10928137186946947;0,09493168568892851;0,1780901946933638
604;0,4101777779434882;0,39515566175443784;0,3567177814940959
605;-0,2799784391923833;-0,26870777131106477;-0,330576522297815
606;0,3800103780139229;0,301451706070009;0,09065573134900079
607;0,29423523790909867;0,21578399823641134;0,12635209139252787
608;0,16266665440665873;0,1461152071448349;0,33653294675440454
609;0,5541322836808974;0,5360486459260256;0,5601767268260737
610;0,5297891971485706;0,5445812986750271;0,4827183548987225
611;-0,17168980038333975;-0,05930647932610572;-0,21280065359608868
612;-0,3791504460875549;-0,3773848771088653;-0,3770305405309138
613;0,2869028312940875;0,26310118562505475;0,3060462207449092
614;0,6828563850721244;0,6709002450794501;0,5811515649890224
615;0,17610386743770426;0,18249262253088008;0,08584131876393726
616;-0,05651883900986573;0,02518566754375193;-0,17749797052387972
617;0,38340886462124973;0,390714199329371;0,41090184925706896
618;-0,21842170526211604;-0,034574916317312715;-0,22621451292588937
619;0,3925400243120456;0,4078244408848447;0,2051469962866163
620;0,37207650330294273;0,27436963278067505;0,1671670548202312
621;0,2261842099364958;0,2289416435318952;0,2717450380159077
622;0,7755352686125321;0,7839424806565298;0,5799965591528075
623;0,9106373963042694;0,9230402962592074;0,6977786752200678
624;0,21125161655095792;0,33428692810491084;0,08729250281178355
625;0,015988542740215137;0,018481291692190246;-0,05970886275189059
626;0,8730297650100188;0,8810697300114301;0,8748932884667012
627;0,2165681018796301;0,25395144559813854;0,16789627586054268
628;0,44879542738456096;0,434234340407766;0,2653646780918799
629;0,12779792523494304;0,12157450276083738;0,07726967986089098
630;0,624660251470469;0,6246331662423796;0,688639684281721
631;0,5570327251019438;0,5422239947668749;0,5814950722199272
632;0,16794974056015868;0,1530599062555854;0,04734536930122014
633;-0,08902406199135285;-0,1319731834954106;0,08389557217881329
634;0,36679973423306017;0,36544508664998826;0,24019061657930313
635;0,7720305694628383;0,7558801265406441;0,5356287926436
636;-0,3195369951916908;-0,21649084621275508;-0,3758406437768522
637;-0,35983433794781106;-0,23814402992511555;-0,34916461794089243
638;0,38348242410559413;0,4122741887120121;0,22215374779581182
639;0,5211056392934488;0,5486789249390444;0,4337047929950126
640;-0,0023864715028373324;0,08588493524376906;-0,013591683571020606
641;0,5671257102829511;0,5696712951902627;0,42896542681332894
642;-0,052514645985951236;-0,04286204245457996;-0,07381227902039424
643;-0,0717792062624227;-0,034048717689709684;-0,11930763002767154
644;-0,01812760204020785;0,09067331641825924;-0,02596342688632353
645;0,9146302834361608;0,9417655571273077;0,9515890367552827
646;0,5472316743690051;0,5340631620271029;0,18708972936071508
647;0,5583020842030625;0,5399743299878859;0,2844228787309109
648;0,4042065014584511;0,39052878161027527;0,38749608383832396
649;-0,07744500302399107;-0,08780409792010414;-0,17506802249442252
650;-0,10763684613543095;-0,11705983482742506;-0,08636391673945708
651;0,3267738595983198;0,30886236752062757;0,1277410943441764
652;0,22499561476622115;0,1683432276384627;0,2531110313045617
653;-0,20132378859425912;-0,08624043534218877;-0,18980261546334037
654;0,07047078186209484;0,11526681850488878;-0,10917750947007325
655;0,038660991718769085;-0,02326326751607092;-0,04603866191030724
656;0,3227890332453195;0,3151838417055793;0,2563527688452655
657;-0,3613773097461432;-0,26109754545289743;-0,2223885712175153
658;0,26888486664912303;0,22512969078838074;0,11636111061435495
659;0,5207480853654398;0,5360143142067367;0,5421829167919655
660;0,20212512114721284;0,17573035790701635;0,1551347443225697
661;0,33133878165631914;0,16620325038123215;0,26584418110690333
662;0,7430455989912014;0,752029427439976;0,6671631950080555
663;0,33562415336921636;0,36947931954046725;0,0829872574722672
664;-0,015562119040453064;-0,07448190434874928;-0,04099329604651984
665;0,08878496815422199;0,07919940856674654;0,1484334338559184
666;0,30290217327731034;0,2483176868852283;0,11928262564409577
667;0,6439527652208877;0,6231383786822552;0,4565375962540467
668;1,1329932039824284;1,131743082973942;1,0912022953261935
669;0,43330924335620535;0,41798758737745484;0,29863140456066084
670;0,3575816219283443;0,3611455839958042;0,34919557150420005
671;0,28036088223738165;0,21284030337352405;0,27117302773161994
672;0,4379580854673417;0,5256389416102629;0,2892349238941782
673;0,38528589607789615;0,4002532146958447;0,41416745188755294
674;0,49176793611855296;0,4851679265019175;0,3580641484038869
675;0,8187575801792408;0,8368790537653213;0,7532577287969403
676;0,04594349321584878;0,019896001438740117;0,2115133724296509
677;0,08001258498001583;0,1731491915080324;0,08427499925287613
678;0,5325983787590816;0,5407659406335239;0,6924975376824126
679;0,3337517473619117;0,27859341158292583;0,20366331906502896
680;0,4132251216524051;0,3885519471876063;0,14397994285764962
681;-0,21565940016147345;0,11544795366225853;-0,16476938430863566
682;-0,03601613204686306;-0,02453189704152375;-0,08716588408460725
683;0,10669581599737638;0,11102646211081404;0,3485977987861809
684;0,2452308694068305;0,281739926293607;0,10073779599487644
685;0,1462006860522683;0,14961371986289498;-0,0952795801203041
686;0,30126370504602507;0,30959642034231855;0,24383872905041973
687;0,23780136003942356;0,18878569550884747;0,21658514667160625
688;1,0984866521708385;1,1196784825460002;0,9478022559479177
689;0,4701625691746069;0,4824752021980068;0,31531240002050287
690;0,6684351393750605;0,6703964128441229;0,25768032737385976
691;0,06500129600444336;0,021091674990520237;0,17855770695412354
692;0,25122198822393366;0,2688597896676543;0,12193696785592768
693;0,34193160577550524;0,30061327081268296;0,29525804544270473
694;-0,3095539683073212;-0,2718249088187337;-0,25028711250887087
695;0,32618503088324036;0,46719903798116275;0,18161515205325504
696;0,1823318200161008;0,1781784552076817;0,10529176792672292
697;0,4894633419617588;0,31566686424091006;0,284775106857249
698;0,5618238803639811;0,5589690756390508;0,43522105728314353
699;0,019884188547170972;0,10448261966336247;0,016032206976673326
700;0,45495898580519023;0,4540619627448445;0,3453716885095132
701;0,7800103258819409;0,8341097631557464;0,7140707126868854
702;-0,3943497758967923;-0,22217349339296028;-0,36330880274378147
703;0,7150860875255114;0,7346240652107607;0,4729042859516361
704;0,205442304654954;0,14580889379282608;-0,007992806928185124
705;0,5584082130674775;0,4946453977267831;0,4764045957883051
706;0,37251562565900626;0,3716363357580126;0,04906036103679683
707;0,3185878129910674;0,3173689116987108;0,19660943113530469
708;0,5979138830399348;0,578350692401014;0,7024722786796521
709;-0,04887599876522199;0,024206778558844205;0,008357862037175293
710;0,5364396642371027;0,5470323310308262;0,5736476020115895
711;0,6754590085648432;0,6987936758829111;0,442265525594067
712;0,718735618442154;0,7241807351334546;0,6079663785216018
713;0,2887473534717543;0,25466761995570825;0,1893658252898695
714;-0,2621203654019559;-0,21107386380439286;-0,2757775738101921
715;-0,15985194430229036;-0,09196834727203836;-0,21973417044904192
716;0,2869901217158504;0,2790198275982173;0,08091672679141951
717;0,3863238395986295;0,4127760860008853;0,24264440794494288
718;0,5438666363065253;0,47667403885036524;0,4912215633131753
719;0,5303566461772892;0,4449443735695296;0,3554843502694735
720;0,5975988293860454;0,6409188791438564;0,5350877540005459
721;0,613054649840273;0,6311032898881558;0,49585313844936313
722;0,7513524795921213;0,7438973763144314;0,4980572012011265
723;0,7328349634794119;0,69380307326688;0,39058775112250244
724;0,24210029368040792;0,23415145936287024;0,3928203277681642
725;-0,05503403543326973;-0,02759397415227989;-0,12783931944995391
726;0,6879153272640341;0,6921338229673;0,5819665355669008
727;0,4324118437193082;0,45112776090082773;0,4910611343441317
728;0,03929361681415045;0,09940473237447878;-5,698792240244335e-05
729;0,04821270468219605;0,11224166145750554;0,06761765665348947
730;0,475410542764801;0,4791313509227823;0,4399723991748682
731;0,2888638348566414;0,30874118670165374;0,19837024666281453
732;-0,04115033544938667;-0,04909455166385812;0,0337531133780239
733;0,33274327598811615;0,4327106104056265;0,2168252305800303
734;-0,13652363253275807;-0,0991528489262341;-0,07684630754327577
735;0,8834075678951246;0,8882315460036796;0,9417252772292733
736;0,40607310848602785;0,39210450953291925;0,11673862311353767
737;0,44834191498401277;0,4957774390891868;0,531499088700327
738;0,6930967608351647;0,6789397900363003;0,5980414183872633
739;0,3706578316593639;0,39727410363967247;0,3638161474108916
740;-0,34532379142480424;-0,1948806478543552;-0,4028288992517035
741;0,49773396951889537;0,5115619063364566;0,5182947292174304
742;-0,1244733587814244;-0,05755133594253559;-0,12665544379515198
743;0,15775235162736276;0,13929589411288532;0,13038981557741355
744;0,44244067164853706;0,44938558898097913;0,30519044320446154
745;-0,3538215353410263;-0,12038710494906661;-0,33298597286674925
746;0,1324641942443255;0,17952040912647052;0,07852172025272068
747;0,17153870778546648;0,28170056809962163;0,033517601876641163
748;0,01233849972716689;-0,045863690839784726;-0,11341558511151231
749;0,4759488341075619;0,466397732147626;0,3417915014026442
750;0,5283091197900595;0,5297973793493304;0,5224609690043247
751;-0,36904219304276;-0,2915677957058476;-0,463537409499436
752;0,19734655109883983;0,2834128765772675;0,09282936878398189
753;0,4885602233411929;0,4624032321973129;0,23845586902319127
754;0,46137835348786577;0,48505623551123683;0,28194771609010877
755;0,2707753298882131;0,32807685219219684;0,28678031173579116
756;0,02960036338217897;0,06013430935161307;0,034976986723065234
757;0,19102725755286504;0,264214617893896;0,05594141372492614
758;0,6683538617467458;0,6832063692267799;0,46026126891641167
759;0,33312145829892287;0,3598649885485533;0,29183665659140834
760;0,4513134229243989;0,4538155259209287;0,5686652126149149
761;0,6280188259861647;0,6553146127553179;0,49248869556032226
762;0,7752515484313697;0,7702488518454127;0,645899169494078
763;0,321825404251917;0,4593717077649729;0,24594771725020328
764;0,7188914900493019;0,7356980698266383;0,8196258039156973
765;-0,19660345138231333;0,051029645707221495;-0,1472205690499902
766;0,6492723011465095;0,63987275902841;0,43533715033550313
767;0,2577285178733888;0,33407220906773977;0,16431863259383844
768;0,1884387625483334;0,2003965505445466;0,1270808132026416
769;0,35316566791893617;0,30292885860405944;0,25094456446039615
770;0,42699927000180077;0,38862813448368294;0,3174831365907604
771;0,17529293030453946;0,18247676642051536;0,2002518933347801
772;0,7682864136080587;0,768976244074767;0,8126052638243428
773;0,14910526852647124;0,08804497557740479;0,09823364254636247
774;1,090175482500067;1,0896540799379422;0,7957805114096785
775;0,29976612292179716;0,22437911758913479;0,1443590583339883
776;0,0946233544418018;0,15592029177052535;0,12281029412439552
777;0,4769116590424208;0,4709404630767695;0,2759481175375034
778;0,05383871688438818;0,05806905734581677;0,1191079605540989
779;0,4669831938374837;0,4414636026886048;0,16265677412174373
780;-0,32535914496591556;-0,1803194320914596;-0,23189774450750814
781;0,0383051694651268;0,037782400046072744;0,06649769208232152
782;-0,005293460873491264;-0,11900081509833596;-0,04678309410885183
783;0,45476545304964655;0,44410725799762696;0,26064096837057776
784;0,05910927033116146;0,16140789288507607;0,040422223368696816
785;0,4254143608525341;0,43518420712181455;0,24952500052450685
786;0,12148666567117622;0,3463258537822214;0,08576601434940027
787;0,315147918063135;0,33204015880429;0,30434209207879476
788;0,05752704137237876;0,21628304137877313;0,0030131756879579995
789;0,5343154212332337;0,525896682581546;0,6453490704398799
790;0,4437517284169318;0,40224881638462734;0,2926756732378068
791;0,18124585424371387;0,3885800733443071;0,09418418447265056
792;0,588564049228832;0,5554661208779166;0,53998490985629
793;1,1408356827162986;1,1394837222882153;1,022968968780216
794;0,5531792001715774;0,5523165793316175;0,4299609564404648
795;-0,35818303549695907;-0,2673641209808704;-0,30584911830487643
796;-0,2480303748639961;-0,06176021237040437;-0,40941456529535114
797;0,5595817691625665;0,5567657195957781;0,6520097812679436
798;0,0776442283449524;0,032491897786646864;-0,07227634848984359
799;1,096934757499798;1,0533512786235908;1,0420678277355444
800;0,25459168918079345;0,2823932533107074;0,4477792046880122
801;0,514792230201065;0,5214416562112802;0,47154724053707403
802;0,2113892702792863;0,14241728308124205;0,03645737816581202
803;0,4407164525623453;0,47218860552132363;0,44904061092318315
804;0,4785201269627584;0,4957215209296105;0,4050684507320591
805;0,31041087377159104;0,18154929371374348;0,2667809762276526
806;0,17749105796363654;0,16830523536319034;0,1718837224322865
807;0,18211647426232613;0,1814546028866189;0,2434513586503414
808;0,541030643422484;0,548008995180432;0,22408806165357625
809;0,48884684438810005;0,4846098378771422;0,18097999037093118
810;0,15576689532572666;0,06274665118583392;-0,003736649412823976
811;0,7164857820051767;0,736988651703501;0,6460505479892406
812;0,4398097409999176;0,44367658833655826;0,29545385398502966
813;0,2786854492122449;0,26739914053299274;0,3085559838031174
814;0,31011716536597134;0,2789438119998097;0,3323872305746681
815;0,045473862343347125;0,14692821859433006;-0,0979713499226334
816;-0,3389300446806864;-0,2400254859152624;-0,1745942040359606
817;0,2578398138673528;0,274399770766025;0,1914569730343114
818;-0,08913741776081566;0,02626684823758188;-0,16982633904006678
819;0,3007896180965972;0,26187874488669355;0,08165057126781324
820;-0,4259993946069118;-0,2067157578798905;-0,48370180650175965
821;0,35791973763224794;0,3843068455220606;0,10344313570858395
822;0,26304772731451254;0,2876563885199847;0,20539523880337596
823;0,27138240759275517;0,22606431029670218;0,07799151049874775
824;0,4171653081636937;0,4093309019303782;0,4659532231815887
825;0,4196014233599581;0,42260812903470424;0,5736838577800425
826;0,13158134311801659;0,307927427041533;-4,58584335593341e-05
827;0,07039093788637776;0,0133636228139083;-0,07490264663035412
828;0,8357304155149547;0,8067269622949256;0,7679736048982604
829;0,4371626188328328;0,45512101402883753;0,4222414190202111
830;0,8834316696671647;0,8799190136562193;0,7359389070009118
831;0,5238383205451612;0,5151477714878528;0,570025017581079
832;-0,08686496547660875;0,11936854942382306;-0,03350596201195961
833;0,16602276168244365;0,16685166818145483;0,22074582782224547
834;0,32737047917525314;0,33404150152071616;0,15032267090978912
835;0,2372715344683149;0,2835847176725665;0,07214805744516686
836;-0,11765853894785125;-0,0869271733637952;-0,18926656795467417
837;0,7508255214436231;0,7548862014199917;0,564445529416311
838;0,38636392173431927;0,3685140923407495;0,3324263351669751
839;-0,09300361290313207;0,08004406810772803;-0,015148145994042326
840;0,05454592308355706;0,035467757636478005;0,02897578785554863
841;-0,16373075835464235;-0,05089530449730438;-0,15421303722301322
842;0,14006184895858623;0,27373340643571514;-0,06917552368240132
843;0,5157209492023312;0,4916864930264273;0,32772172819358036
844;-0,3371439939329353;-0,15391042072737746;-0,3586499166448935
845;1,0436744138729894;1,0321718133488598;0,9880338864815553
846;0,19952635205176397;0,07463399516265032;0,05957775101973063
847;0,2990085273112935;0,28769061720352856;0,2998908305878825
848;-0,17813195903765888;-0,13632422032376038;-0,21991857129306716
849;0,25632674777711634;0,22713664802570385;0,18195309294112533
850;0,2709781156399535;0,3657497762479181;0,07168098330007783
851;-0,3776660476287734;-0,200040339304115;-0,38647592498924294
852;0,3899570609346186;0,3856964464086018;0,26355717277956464
853;0,30952818422315337;0,34895322183426586;0,09847083336648733
854;0,3984045430310757;0,39902587110749316;0,4329712957332446
855;0,1961918231516018;0,26366923098546197;0,020069765711234477
856;-0,3990243059705508;-0,23939231196506527;-0,438907365588849
857;0,5087582597098506;0,5310825072627876;0,4501690376854301
858;-0,31494655185708825;-0,37203209217601085;-0,07238663250091067
859;0,42512310279394666;0,43769661867796583;0,3655187286665778
860;-0,1804601071081706;-0,090988517560817;-0,24409664819759955
861;0,3779565847191588;0,3683403919663063;0,37750564579501167
862;0,5596252018718424;0,5857083675228842;0,7146610692184227
863;0,3242391047685051;0,27254109544278116;0,31598772614977916
864;-0,1271397605088677;-0,041410016648594235;-0,12699722252518117
865;0,3570903215417071;0,2880919655614612;0,1435689688938074
866;0,293705319805492;0,3230153781378105;0,11961381084339757
867;-0,45225139274302134;-0,28566126287237764;-0,5512356790656052
868;0,036422184436704606;0,05945286887096535;0,036760292025972065
869;0,06567011545041153;0,04110553817767277;0,15209208530937382
870;0,6972452530738309;0,6926780228917824;0,3664943047210856
871;0,2249757787736766;0,2360125050974274;0,09890597144138102
872;0,4106478741124711;0,37145447826385125;0,154832665482479
873;-0,1463767843737974;-0,0384432348198077;-0,0803072244093959
874;0,4349135111551098;0,4398344191915446;0,3481677720565249
875;0,9950488872750153;1,0096478720182753;0,8739754262759555
876;0,4058806887357946;0,33580617497116655;0,2854496387513313
877;0,018267303177989067;0,20825105451415812;0,004162205003106974
878;0,4264481382672302;0,3807262459645806;0,12635043372867322
879;0,5664834994904842;0,5910667054950633;0,5811857418899309
880;0,1775075471622074;0,187948529968605;0,16340408403229598
881;0,2767296408331954;0,24605597186051814;0,1460345536856279
882;-0,05245183648523336;-0,03383161183100382;-0,0916287023026194
883;0,4110601966085732;0,4027507788197074;0,44703634212723437
884;0,161194467552029;0,33364470481872827;0,08449375739490926
885;0,17384089328966598;0,14249170313459555;0,17845535338008062
886;0,3808049681071312;0,394289704422061;0,44341210842959583
887;0,3930902673352589;0,3776665526947989;0,5800761967935719
888;-0,10404301872434982;-0,13509427886995742;-0,12576268144342412
889;0,4166783087751523;0,47440921266433866;0,354792092972289
890;0,6909375473137486;0,6799140247824198;0,5089783721044453
891;0,3620038351513544;0,2990900917977032;0,2605198755786392
892;0,151335490922769;0,14100073748451655;0,28623399564046453
893;0,34202984366271083;0,47228566115011683;0,17104124158948383
894;-0,01974672546731789;0,08148119014821437;-0,2926754798280531
895;0,11480618091974149;0,23882558941477314;0,12668964540660718
896;0,02633083110908671;0,0036254655008891887;-0,10666383074928708
897;0,6549480409658709;0,6303445519571127;0,7826586212876893
898;-0,5757163704633759;-0,4043982161040806;-0,5114165176829379
899;0,3163607274789118;0,3536467704557769;0,3349848150039945
900;0,31280917960923216;0,31785495174320466;0,16922060509797232
901;0,4813337587657415;0,49265032078557497;0,4184786431092219
902;0,1090934955721193;0,173519575137129;-0,003067062005253402
903;0,8351863541553097;0,7570923862056868;0,7395361988614172
904;0,374072479641201;0,4348924036042207;0,22845146879114445
905;0,14288485231389794;0,16062887341958543;0,16712599592821564
906;0,2446901312608077;0,2587304845762309;0,16670820733433364
907;0,6353189280622673;0,6449884204879562;0,6893194762659943
908;0,304009463264036;0,26217804799162453;0,16754977063237225
909;0,2872756613935605;0,23512202690013473;0,08325361718029814
910;0,07679504507121965;0,17889755362724546;-0,02553166100434396
911;0,5885280193652963;0,5929605787907942;0,6682533950971573
912;1,0836572366761554;1,0213693140363411;1,0548524455198203
913;0,5360528638695343;0,5348264271397342;0,25817433666617595
914;0,16211773048617745;0,12752708174318422;0,15658572247571573
915;0,15102990491593515;0,11245588242512769;0,06479997044326154
916;0,28154421268053725;0,291712541063134;0,07336152479813433
917;-0,023505755368903546;-0,01128731679356868;0,04119473958949454
918;0,40140407662097227;0,41287328947043994;0,48502365378566714
919;0,41127102700620055;0,4134862829033503;0,4180421812321539
920;0,4643422086553552;0,4673839805266044;0,6187189159400943
921;0,5264356689640585;0,3841033480417275;0,3724394780203159
922;-0,40640765333698964;-0,20986806813733458;-0,3890193697066881
923;0,22677793687817321;0,19103329759224405;0,22191580574189773
924;-0,16376110939700297;-0,09905826454786698;-0,17169575011592741
925;0,14428243971105734;0,1546918115972261;0,04203681886288301
926;0,23809565870285196;0,23936933267199054;0,40211710200945716
927;0,578516032972486;0,5737312490208992;0,6203000518385363
928;0,31151537504559296;0,3220575925668408;0,2389438772599835
929;0,32909025378890655;0,3389160238010383;0,07102271016100899
930;0,4534147804267207;0,48108616764840967;0,4283889247341327
931;-0,31090721722952863;-0,1676039513325717;-0,35367789205720274
932;0,3211048821655829;0,35906634752577365;0,29497792674276735
933;0,5876954506927404;0,591622846566543;0,4173998949395815
934;0,509740483019909;0,6066581731919933;0,44443869820638315
935;-0,0634556263223787;-0,01195217026355501;-0,17734158001725178
936;0,40538513471533544;0,3960116136042996;0,16209217892364267
937;0,6368026851099824;0,6333684253392347;0,5665451561664477
938;0,4471510743542656;0,4427288407812275;0,24467884717971305
939;-0,4385948678577108;-0,36485696679525537;-0,3970978477542868
940;0,23703682155843148;0,15547160948180463;0,11908392870606059
941;0,39542081511415533;0,3753428639586515;0,24999325190772448
942;0,4053584675475231;0,3132039152831267;0,2559408837164864
943;0,09597924228225216;-0,018397640009500966;-0,05436299531248946
944;0,28667255840642475;0,2848449292584889;0,18191795158629467
945;0,43728709700742363;0,42515736372076;0,3253782273375993
946;0,6291280970918245;0,6704435658795213;0,4241491401474585
947;0,37201796824472966;0,29731433837161486;0,24049502136912135
948;0,15156238887500956;0,16040618696946216;0,22988489592082026
949;0,4663633259404844;0,46998317492718455;0,33563356341248957
950;0,46085225656373696;0,45757172293010206;0,22292943343470684
951;-0,10891741354249906;-0,08481948270234205;-0,17250080951102578
952;0,3105963646945517;0,3080454875746865;0,3840084708469708
953;0,13355118540702338;0,1324849316550566;0,10956362688122227
954;0,26979740592940477;0,27241122466485584;0,4991308946034502
955;0,02440830752032591;0,1472760267853052;-0,06136385458458297
956;0,3580552733936145;0,32980991170114515;0,2034121533370708
957;-0,29133056206576974;-0,47876292772706475;-0,2634456621057198
958;-0,17068658337821113;-0,1782221686812201;-0,1313855663803555
959;-0,16977663965737108;0,013133509204019522;-0,24744410000599393
960;0,2908741758538054;0,2518863225515668;0,20049695522467365
961;0,1485504506244972;0,24269655099110887;0,05792536602843821
962;0,4525374371757585;0,4347244760006962;0,3835431465292118
963;0,19598937913611203;0,18892216967503253;0,21611161478464558
964;-0,00872965043106797;0,04872636327723038;0,06157919278950194
965;0,014166821705484356;0,1374433191606388;-0,008601420830015156
966;1,0734258405493764;1,0793646153488323;0,774105826501852
967;0,4044639733087922;0,4185096288332739;0,25516167560064335
968;-0,06506109993081605;0,0937601132859419;-0,11111538941128621
969;0,11615048562788029;0,2928827878233319;0,033579399113578774
970;0,6247133714825807;0,6256001350804314;0,7213395071933779
971;0,2935788858023303;0,24625223056680226;0,16483859731187736
972;0,3612901901377755;0,3792454603252763;0,23155079993798194
973;-0,29724208057642904;-0,05698328767791608;-0,26226324517637484
974;0,7924288080974956;0,7988321560594074;0,8968015411053987
975;0,46861528517221257;0,46065719841699454;0,45806542674353173
976;-0,41111912136155077;-0,38742273981909175;-0,42161796801789475
977;0,7832997777293801;0,7975399108446357;0,6760463184439566
978;0,493036566815787;0,5071331873179531;0,40269864022408497
979;0,767395087210507;0,7590996979228799;0,7863041598094717
980;0,7955717055412245;0,7614743756712282;0,6104408459869962
981;0,45714338594170284;0,46062471242399755;0,45544871455606084
982;0,9160046577616058;0,8969932122509896;0,8708311537687732
983;0,19454564074466252;0,25331165705767256;0,0184313280879834
984;0,1654477985052558;0,19705048334213562;0,23936413389124603
985;0,3497495556163934;0,34338194042614195;0,2147586717677574
986;0,05071137443879008;0,14322625685713677;-0,014756504992098058
987;0,04880695727899526;0,1842922470420088;-0,05039865576486787
988;0,1326014293268528;0,1687587525895544;0,08352988842612179
989;-0,2415749555527652;-0,122714307515612;-0,20287289167616843
990;0,28773544464398354;0,29642316310868416;0,30440143173499484
991;0,15970460129083675;0,18587230073705538;0,04224547650899751
992;0,4309151004889537;0,4176862816263226;0,5582605027655511
993;0,36841771235638077;0,4056181721891381;0,5607369173291967
994;0,42381447680053413;0,4240028858443288;0,3995735418606358
995;0,45842327597957616;0,48213710348356803;0,5570577757766035
996;0,25941850198582783;0,2905950223208962;0,391287877991814
997;0,09979865173525751;0,08786497875951102;0,02482967419136754
998;0,5016101636833531;0,5172053540818452;0,6975677669520692
999;0,7814843973190475;0,7613329138556258;0,41103534819944576
